"hfpxzc href","qBF1Pd","MW4etd","UY7F9","W4Efsd","W4Efsd 2","W4Efsd 3","W4Efsd 4","W4Efsd 5","W4Efsd 6","UsdlK","lcr4fd href","Cw1rxd","R8c4Qb","Cw1rxd 2","R8c4Qb 2","doJOZc","W4Efsd 7","Jn12ke src","ah5Ghc","A1zNzb href","J8zHNe","bbPy1"
"","","","","","","","","","","","","","","","","","","","","","",""
"","","","","","","","","","","","","","","","","","","","","","",""
"https://www.google.com/maps/place/Lee%27s+Auto+Clinic/data=!4m7!3m6!1s0x880e2cebc938ee8b:0x210cdea968eb4725!8m2!3d41.87257!4d-87.642067!16s%2Fg%2F1wfvn72l!19sChIJi-44yessDogRJUfraKneDCE?authuser=0&hl=en&rclk=1","Lee's Auto Clinic","4.4","(193)","Auto repair shop","Â·","727 South Jefferson Street","Open","Â· Closes 5â€¯PM","Â·","(312) 663-0823","https://www.google.com/aclk?sa=L&ai=DChsSEwi6wMKl3JqSAxXkBocDHXTOLFoYACICCAEQAhoCamY&co=1&ase=2&gclid=CjwKCAiA7LzLBhAgEiwAjMWzCFD6WoQt2_wxIWl8O1lu6AMdg_i_cpbno8Q31nbRcp90j0r9SYDboxoC8KAQAvD_BwE&cid=CAASZuRoz5a9A6TbeqlcjLDqZ4QH9Vs1_IF0waaT-PIOiPeMYDPzkDbbCt6Rim0BL_VGz4GogTZI1uVyXOn_vWVXJVYRrJSzMrsZEE67rWpo0A3XU6o3jIOxmwczv4R7k7LvPaQWYL9kEg&cce=2&category=acrcp_v1_32&sig=AOD64_1yQuNgkZZfFksx73ar5ZAMbHMQHQ&adurl&q&ctype=99&nis=6","î ‹","Website","î”®","Directions","","","","","","",""
"https://www.google.com/maps/place/River+North+Hand+Car+Wash/data=!4m7!3m6!1s0x880fd34aadbfa2ff:0x258ba1233a797e3c!8m2!3d41.895694!4d-87.637883!16s%2Fg%2F1tzlzkjn!19sChIJ_6K_rUrTD4gRPH55OiOhiyU?authuser=0&hl=en&rclk=1","River North Hand Car Wash","4.2","(229)","Car wash","Â·","356 West Superior Street","Open","Â· Closes 6â€¯PM","Â·","(312) 335-9669","https://www.google.com/aclk?sa=L&ai=DChsSEwi6wMKl3JqSAxXkBocDHXTOLFoYACICCAEQBxoCamY&co=1&ase=2&gclid=CjwKCAiA7LzLBhAgEiwAjMWzCBvBCJTJ_4DEDN9DqixD66N16zaeE1PvubuRKhs72Zd-kZz_egTp_BoCrZUQAvD_BwE&cid=CAASZuRoz5a9A6TbeqlcjLDqZ4QH9Vs1_IF0waaT-PIOiPeMYDPzkDbbCt6Rim0BL_VGz4GogTZI1uVyXOn_vWVXJVYRrJSzMrsZEE67rWpo0A3XU6o3jIOxmwczv4R7k7LvPaQWYL9kEg&cce=2&category=acrcp_v1_32&sig=AOD64_27OzHVunj6i9C0pEn5nREsl528ZQ&adurl&q&ctype=99&nis=6","î ‹","Website","î”®","Directions","","","","","","",""
"https://www.google.com/maps/place/Gold+Coast+Auto+Body/data=!4m7!3m6!1s0x880fd32f1ab74dcd:0x3764c58fe184fae8!8m2!3d41.903694!4d-87.651498!16s%2Fg%2F1td7nx_y!19sChIJzU23Gi_TD4gR6PqE4Y_FZDc?authuser=0&hl=en&rclk=1","Gold Coast Auto Body","4.8","(744)","Auto body shop","Â·","Â·","900 W Division St","Open","Â· Closes 5â€¯PM","(312) 787-0333","http://goldcoastautobody.com/","î ‹","Website","î”®","Directions","î¤´","Â·","https://ssl.gstatic.com/local/servicebusiness/default_user.png","""They did an excellent job doing custom","","",""
"https://www.google.com/maps/place/Crash+Champions+Collision+Repair+Division/data=!4m7!3m6!1s0x880e2cd81d0b45fd:0x81a00009f1678950!8m2!3d41.904136!4d-87.6510317!16s%2Fg%2F1tjpr29v!19sChIJ_UULHdgsDogRUIln8QkAoIE?authuser=0&hl=en&rclk=1","Crash Champions Collision Repair Division","4.6","(728)","Auto body shop","Â·","Â·","870 W Division St","Open","Â· Closes 5â€¯PM","(312) 291-9449","https://crashchampions.com/locations/crash-champions-division","î ‹","Website","î”®","Directions","î¤´","Â·","https://ssl.gstatic.com/local/servicebusiness/default_user.png","""Outstanding repairs (","","",""
"https://www.google.com/maps/place/Erie-LaSalle+Body+Shop+and+Car+Care+Centers/data=!4m7!3m6!1s0x880e2cb35dd32c07:0x9a1b99ccb4dc7381!8m2!3d41.894068!4d-87.6528673!16s%2Fg%2F113jtfv5p!19sChIJByzTXbMsDogRgXPctMyZG5o?authuser=0&hl=en&rclk=1","Erie-LaSalle Body Shop and Car Care Centers","4.9","(805)","Auto body shop","Â·","Â·","1005 W Huron St","Open","Â· Closes 6â€¯PM","(312) 337-3903","http://www.erielasalle.com/","î ‹","Website","î”®","Directions","î¤´","Â·","https://ssl.gstatic.com/local/servicebusiness/default_user.png","""They were so easy to work with and made my car look brand new.""","https://www.carwise.com/auto-body-shops/book-appointment/erie-lasalle-body-shop-and-car-care-center-chicago-il-60642/464621?hl=en-US&gei=2cVvad4GgtKnzg_h3NDICQ&rwg_token=AFd1xnGTGXkfhdFxapTDsJ8Z9IR-LTHV6VyjMRmjt0ZMIHmfoqgKV7dQBz3TlWNSHTr_AvgMZXUhEGPmg0O5kl6-zYZuDrL0fQ%3D%3D","Book online","î¡¸"
"https://www.google.com/maps/place/M%26R+Auto+Body+Chicago/data=!4m7!3m6!1s0x880e2d80af47da15:0x991c740043b326b2!8m2!3d41.8959594!4d-87.6920631!16s%2Fg%2F11l5v6vp0h!19sChIJFdpHr4AtDogRsiazQwB0HJk?authuser=0&hl=en&rclk=1","M&R Auto Body Chicago","4.9","(119)","Auto body shop","Â·","Â·","2602 W Chicago Ave","Open","Â· Closes 4:30â€¯PM","(773) 294-7080","https://autorepairbody.com/","î ‹","Website","î”®","Directions","î¤´","Â·","https://ssl.gstatic.com/local/servicebusiness/default_user.png","""The quality of work exceeded my expectations - my car looks brand new.""","","",""
"https://www.google.com/maps/place/National+Body+Works/data=!4m7!3m6!1s0x880fcdada56e12c9:0xf4514641ac738c0e!8m2!3d41.9450849!4d-87.7339351!16s%2Fg%2F1tg5_728!19sChIJyRJupa3ND4gRDoxzrEFGUfQ?authuser=0&hl=en&rclk=1","National Body Works","4.9","(92)","Auto body shop","Â·","Â·","3550 N Milwaukee Ave","Open","Â· Closes 6â€¯PM","(773) 569-3289","https://www.nationalbodyworks.com/","î ‹","Website","î”®","Directions","î¤´","Â·","https://ssl.gstatic.com/local/servicebusiness/default_user.png","""Quick turn around, beautiful car, open communication, and reasonable prices.""","","",""
"https://www.google.com/maps/place/Western+Body+Shop+inc/data=!4m7!3m6!1s0x880fd29aaede9c3b:0x9bc45b3dc8c3ef2!8m2!3d41.92576!4d-87.68806!16s%2Fg%2F1tjfhfwm!19sChIJO5zerprSD4gR8j6M3LNFvAk?authuser=0&hl=en&rclk=1","Western Body Shop inc","4.6","(113)","Auto body shop","Â·","2426 N Western Ave","","Open","Â· Closes 6â€¯PM","(773) 235-9735","https://chicagoautobodycenter.org/","î ‹","Website","î”®","Directions","","Â·","https://ssl.gstatic.com/local/servicebusiness/default_user.png","""They make your vehicle look brand new, no matter how damaged it is.""","","",""
"https://www.google.com/maps/place/B%26L+Automotive+Repairs,+Inc./data=!4m7!3m6!1s0x880fcd91f8348359:0x60cfb5d5ffe1049e!8m2!3d41.9511966!4d-87.7082952!16s%2Fg%2F1tddssvs!19sChIJWYM0-JHND4gRngTh_9W1z2A?authuser=0&hl=en&rclk=1","B&L Automotive Repairs, Inc.","4.9","(1,499)","Auto body shop","Â·","Â·","3830 N Kedzie Ave","Open","Â· Closes 5â€¯PM","(773) 463-1622","https://technicraftgroup.com/our-shops/bl-automotive-repairs/","î ‹","Website","î”®","Directions","î¤´","Â·","https://ssl.gstatic.com/local/servicebusiness/default_user.png","""They cleaned my car inside and out, and the bodywork was great.""","https://www.carwise.com/auto-body-shops/book-appointment/bl-automotive-repairs-inc-chicago-il-60618/472339?hl=en-US&gei=2cVvad4GgtKnzg_h3NDICQ&rwg_token=AFd1xnEs-459lmRMTioSWUs1ApXrrTTNq3_GQ0hLjRaLNHzpoE6538F7GLkSSyDJ5TWfaVmuBBpG0QgD89Jj1iO72H-J5ZLugQ%3D%3D","Book online","î¡¸"
"https://www.google.com/maps/place/River+North+Collision+Repair/data=!4m7!3m6!1s0x880fd34aadcf6a47:0xd6a31b6a25c08595!8m2!3d41.8956935!4d-87.6378825!16s%2Fg%2F11c2l8jtmh!19sChIJR2rPrUrTD4gRlYXAJWobo9Y?authuser=0&hl=en&rclk=1","River North Collision Repair","4.9","(221)","Auto body shop","Â·","Â·","356 W Superior St","Open","Â· Closes 6â€¯PM","(312) 403-6000","https://www.rivernorthcollisionrepair.com/","î ‹","Website","î”®","Directions","î¤´","Â·","https://ssl.gstatic.com/local/servicebusiness/default_user.png","""Everything was done within 2 days and my car looks brand new!""","","",""
"https://www.google.com/maps/place/Leo%27s+Body+Shop/data=!4m7!3m6!1s0x880fd196d2094f1b:0xd4873725841d3892!8m2!3d41.9905554!4d-87.671019!16s%2Fg%2F1tczwjx9!19sChIJG08J0pbRD4gRkjgdhCU3h9Q?authuser=0&hl=en&rclk=1","Leo's Body Shop","4.7","(148)","Auto body shop","Â·","Â·","5971 N Ridge Ave","Open","Â· Closes 5â€¯PM","(773) 764-5555","http://www.leosbodyshop.com/","î ‹","Website","î”®","Directions","î¤´","Â·","https://ssl.gstatic.com/local/servicebusiness/default_user.png","""They did awesome job fixing our car after it was in an accident.""","https://booking.shopgenie.io/?shop=tbd-3777327339&preselect_account=tbd-3777327041&hl=en-US&gei=2cVvad4GgtKnzg_h3NDICQ&rwg_token=AFd1xnGqgq0fbYESDwNQcTgCF_hiPm0jh3Cy0zUMzVaS6gG4sm5ICt-Lk5YHG3Muwj0Q6JZgMiL1lNzUMfB8HKx-XU0lpQ8smw%3D%3D","Book online","î¡¸"
"https://www.google.com/maps/place/Royal+Automotive+LLC/data=!4m7!3m6!1s0x880fceaf79d5438f:0x70237e92d32acf4e!8m2!3d41.9846191!4d-87.767014!16s%2Fg%2F1wf22g1d!19sChIJj0PVea_OD4gRTs8q05J-I3A?authuser=0&hl=en&rclk=1","Royal Automotive LLC","4.8","(297)","Auto body shop","Â·","Â·","5675 N Elston Ave","Open","Â· Closes 6â€¯PM","(773) 467-1150","http://www.royalautomotivechicago.com/","î ‹","Website","î”®","Directions","î¤´","Â·","https://ssl.gstatic.com/local/servicebusiness/default_user.png","""They had great service and did a great job repairing my car after a crash.""","","",""
"https://www.google.com/maps/place/Armitage+Auto+Repair+and+Body+Shop/data=!4m7!3m6!1s0x880fd29517f40cf7:0x29f771d835c0a45!8m2!3d41.917957!4d-87.6791323!16s%2Fg%2F11d_tz8n6k!19sChIJ9wz0F5XSD4gRRQpcgx13nwI?authuser=0&hl=en&rclk=1","Armitage Auto Repair and Body Shop","4.4","(202)","Auto repair shop","Â·","Â·","2036 W Armitage Ave","Open","Â· Closes 6â€¯PM","(773) 666-5700","https://www.facebook.com/Armitage-Auto-Repair-Body-Shop-1738749096432239/","î ‹","Website","î”®","Directions","î¤´","Â·","https://ssl.gstatic.com/local/servicebusiness/default_user.png","""Had","https://www.carwise.com/auto-body-shops/book-appointment/armitage-auto-repair-body-shop-chicago-il-60647/586820?hl=en-US&gei=2cVvad4GgtKnzg_h3NDICQ&rwg_token=AFd1xnGTinFiGWe8rEKymN8tqtYljXHilh8tEbsvc4WnrHYefC6rXBpPWfGteWYqnXirxo6ZCvxKb0U6j1tJuU_1ox5cKjeJpg%3D%3D","Book online","î¡¸"
"https://www.google.com/maps/place/Bucktown+Auto+Body/data=!4m7!3m6!1s0x880fd2ec565a361f:0x3fac0e28f5b7c56e!8m2!3d41.9227591!4d-87.6754186!16s%2Fg%2F11b6b7c80l!19sChIJHzZaVuzSD4gRbsW39SgOrD8?authuser=0&hl=en&rclk=1","Bucktown Auto Body","4.6","(371)","Auto body shop","Â·","Â·","2321 N Wolcott Ave","Open","Â· Closes 5:30â€¯PM","(312) 935-0600","https://technicraftgroup.com/our-shops/bucktown-auto-body/","î ‹","Website","î”®","Directions","î¤´","Â·","https://ssl.gstatic.com/local/servicebusiness/default_user.png","""They a did a great job in repairing my car and their prices were reasonable.""","https://www.carwise.com/auto-body-shops/book-appointment/bucktown-auto-body-inc-chicago-il-60614/625077?hl=en-US&gei=2cVvad4GgtKnzg_h3NDICQ&rwg_token=AFd1xnFqHBIQTVvjARKVfLZdErpA5PQf3Gs-qUrVGI60QLjDcgeBtAHYNiynM1xohb50tkbI1DxAStAJjIjiATrrFD_iPFo0vA%3D%3D","Book online","î¡¸"
"https://www.google.com/maps/place/Crash+Champions+Collision+Repair+South+Loop/data=!4m7!3m6!1s0x880e2c7c5d9af3e5:0x42b9255302870c6f!8m2!3d41.8518194!4d-87.625886!16s%2Fg%2F1vvr6svy!19sChIJ5fOaXXwsDogRbwyHAlMluUI?authuser=0&hl=en&rclk=1","Crash Champions Collision Repair South Loop","4.4","(544)","Auto body shop","Â·","Â·","2232 S Wabash Ave","Open","Â· Closes 5â€¯PM","(312) 225-0222","https://crashchampions.com/locations/crash-champions-south-loop","î ‹","Website","î”®","Directions","î¤´","Â·","https://ssl.gstatic.com/local/servicebusiness/default_user.png","""They could turn your damaged old car to a looked like new car.""","https://www.carwise.com/auto-body-shops/book-appointment/crash-champions-0743-south-loop-chicago-il-60616/605590?hl=en-US&gei=2cVvad4GgtKnzg_h3NDICQ&rwg_token=AFd1xnGvu7wttHrBZg1wGCMXzcxqUtcZnmKYcvzcRd_rg9_tL4j1DKFFm_ZPgZGS8hACnJ_ljkMuMlKmJ4nbZqaMmVVW0gugIw%3D%3D","Book online","î¡¸"
"https://www.google.com/maps/place/Wreck+%26+Roll+Auto+Body+SOUTH+Inc./data=!4m7!3m6!1s0x880e2e5dafbf9c27:0x80b24630c59c4c1a!8m2!3d41.7949013!4d-87.6649932!16s%2Fg%2F1tg_gm_p!19sChIJJ5y_r10uDogRGkycxTBGsoA?authuser=0&hl=en&rclk=1","Wreck & Roll Auto Body SOUTH Inc.","4.7","(527)","Auto body shop","Â·","Â·","5436 S Ashland Ave","Open","Â· Closes 6â€¯PM","(773) 776-2600","https://www.wreckandrollinc.com/","î ‹","Website","î”®","Directions","ï•Š","Â·","https://ssl.gstatic.com/local/servicebusiness/default_user.png","""Great Services,  Very detailed & my car looks & ride just like its new.""","","",""
"https://www.google.com/maps/place/The+Body+Shop/data=!4m7!3m6!1s0x880fd1e519148bd7:0xab0e05f1a4d2bd93!8m2!3d41.987437!4d-87.689935!16s%2Fg%2F1tq4rpb9!19sChIJ14sUGeXRD4gRk73SpPEFDqs?authuser=0&hl=en&rclk=1","The Body Shop","4.2","(109)","Auto body shop","Â·","Â·","5820 N Western Ave","Open","Â· Closes 5â€¯PM","(773) 784-2650","http://www.thebodyshopofchicago.com/","î ‹","Website","î”®","Directions","î¤´","Â·","https://ssl.gstatic.com/local/servicebusiness/default_user.png","""They do excellent work with excellent prices.""","","",""
"https://www.google.com/maps/place/Crash+Champions+Collision+Repair+Lincoln+Park/data=!4m7!3m6!1s0x880fd321237bd899:0x4b5da016d190a9f9!8m2!3d41.9115874!4d-87.6552583!16s%2Fg%2F1pp2tvgtq!19sChIJmdh7IyHTD4gR-amQ0RagXUs?authuser=0&hl=en&rclk=1","Crash Champions Collision Repair Lincoln Park","4.4","(269)","Auto body shop","Â·","Â·","1630 N Kingsbury St","Open","Â· Closes 5â€¯PM","(312) 255-1555","https://crashchampions.com/locations/chicagodivision-il","î ‹","Website","î”®","Directions","î¤´","Â·","https://ssl.gstatic.com/local/servicebusiness/default_user.png","""They did an impeccable job on my car and within the timeframe they gave us.""","","",""
"https://www.google.com/maps/place/Rojas+Auto+Rebuilders+Corp/data=!4m7!3m6!1s0x880e32b314169603:0x524971d8ca6771d8!8m2!3d41.8953946!4d-87.7109392!16s%2Fg%2F1tfxym8k!19sChIJA5YWFLMyDogR2HFnythxSVI?authuser=0&hl=en&rclk=1","Rojas Auto Rebuilders Corp","4.8","(84)","Auto body shop","Â·","Â·","3347 W Chicago Ave","Open","Â· Closes 5â€¯PM","(773) 722-0434","","î”®","Directions","","","î¤´","Â·","https://ssl.gstatic.com/local/servicebusiness/default_user.png","""OWNER was very nice and my car look brand new service was excellent.""","","",""
"https://www.google.com/maps/place/Fix+Auto+Chicago/data=!4m7!3m6!1s0x880fcce453d7abb5:0xe626ecbf095a7e38!8m2!3d41.9245726!4d-87.744077!16s%2Fg%2F1tdw8nmv!19sChIJtavXU-TMD4gROH5aCb_sJuY?authuser=0&hl=en&rclk=1","Fix Auto Chicago","4.8","(785)","Auto body shop","Â·","Â·","4700 W Fullerton Ave","Open","Â· Closes 5:30â€¯PM","(773) 342-6363","https://fixautousa.com/locations/illinois/chicago/","î ‹","Website","î”®","Directions","î¤´","Â·","https://ssl.gstatic.com/local/servicebusiness/default_user.png","""We got our car back a week early and it looked brand new, could never tell.""","https://www.carwise.com/auto-body-shops/book-appointment/fix-auto-chicago-chicago-il-60639/569807?hl=en-US&gei=2cVvad4GgtKnzg_h3NDICQ&rwg_token=AFd1xnHMdNCU64_NffzT-UycdVgpvzZEutVcdfbO8ubCrMY5a2MGSzkS6BTPOxkxG0ZWTXO4GkGWlUPIS_RhSPeLXLNys_9eJA%3D%3D","Book online","î¡¸"
"https://www.google.com/maps/place/Crash+Champions+Collision+Repair+Rockwell/data=!4m7!3m6!1s0x880fd274bd56997b:0x2d52f82dbd0f6be0!8m2!3d41.9549404!4d-87.6935484!16s%2Fg%2F1tg2l7zj!19sChIJe5lWvXTSD4gR4GsPvS34Ui0?authuser=0&hl=en&rclk=1","Crash Champions Collision Repair Rockwell","4.6","(366)","Auto body shop","Â·","Â·","4030 N Rockwell St","Open","Â· Closes 5â€¯PM","(773) 267-2626","https://crashchampions.com/locations/crash-champions-rockwell","î ‹","Website","î”®","Directions","î¤´","Â·","https://ssl.gstatic.com/local/servicebusiness/default_user.png","""Car looks brand new, and they kept me updated at every stage of the repair.""","","",""
"https://www.google.com/maps/place/Eagle+Collision/data=!4m7!3m6!1s0x880fcd30f90d8b35:0x9817158d8c93d8c3!8m2!3d41.9052277!4d-87.7243272!16s%2Fg%2F11c58p0sz4!19sChIJNYsN-TDND4gRw9iTjI0VF5g?authuser=0&hl=en&rclk=1","Eagle Collision","4.8","(77)","Auto body shop","Â·","3909 W Grand Ave","","Open","Â· Closes 5â€¯PM","(773) 772-1208","http://www.eaglecollisionongrand.com/","î ‹","Website","î”®","Directions","","Â·","https://ssl.gstatic.com/local/servicebusiness/default_user.png","""Excellent pain job and removal of dent in my car in a extremely fast manner.""","","",""
"https://www.google.com/maps/place/Tom+%26+Jerry%27s+Auto+Body/data=!4m7!3m6!1s0x880fc950e0a03753:0x890b22ec347ec32c!8m2!3d41.9837943!4d-87.7843915!16s%2Fg%2F1td1kl8z!19sChIJUzeg4FDJD4gRLMN-NOwiC4k?authuser=0&hl=en&rclk=1","Tom & Jerry's Auto Body","4.9","(127)","Auto body shop","Â·","Â·","5644 N Northwest Hwy","Open","Â· Closes 5â€¯PM","(773) 775-6767","https://technicraftgroup.com/our-shops/tom-and-jerrys-auto-body/","î ‹","Website","î”®","Directions","î¤´","Â·","https://ssl.gstatic.com/local/servicebusiness/default_user.png","""Took my Trailblazer in for some","https://www.carwise.com/auto-body-shops/book-appointment/tom-and-jerrys-auto-body-inc-chicago-il-60646/624173?hl=en-US&gei=78VvaaL_Oua-p84Pzuy6iAY&rwg_token=AFd1xnHXpW_lJ3N3XwrgV784OjcHMyEpONqVFLSVDnc8NtavWUa6vjPiIPUTBE_tfY86yiSeN1I7zKUWXAPBQ9_pg5Mxind2xw%3D%3D","Book online","î¡¸"
"https://www.google.com/maps/place/Richard%27s+Body+Shop/data=!4m7!3m6!1s0x880fcdfafc7a2747:0xe10fe7f20741292a!8m2!3d41.9685997!4d-87.7045147!16s%2Fg%2F1tfczdrx!19sChIJRyd6_PrND4gRKilBB_LnD-E?authuser=0&hl=en&rclk=1","Richard's Body Shop","4.4","(646)","Auto body shop","Â·","Â·","3030 W Lawrence Ave","Open","Â· Closes 5â€¯PM","(773) 588-3301","http://www.richardsbodyshop.com/","î ‹","Website","î”®","Directions","î¤´","Â·","https://ssl.gstatic.com/local/servicebusiness/default_user.png","""The Tesla","https://www.carwise.com/auto-body-shops/book-appointment/richards-body-shop-inc-chicago-il-60625/516282?hl=en-US&gei=78VvaaL_Oua-p84Pzuy6iAY&rwg_token=AFd1xnG-GEFEqss6pIbtbdJvxs3W84Gmu0zS41BqZITPBaDaR2BGbMhXgh3yiIVqaWATipUMHzlI-Ivzy8iUVtraCcerUwnRUQ%3D%3D","Book online","î¡¸"
"https://www.google.com/maps/place/Tony%27s+Auto+Collision+Center+Inc/data=!4m7!3m6!1s0x880e2c451a157fe5:0x5361ce6a5c5241e9!8m2!3d41.8442764!4d-87.6462554!16s%2Fg%2F1thw2qx2!19sChIJ5X8VGkUsDogR6UFSXGrOYVM?authuser=0&hl=en&rclk=1","Tony's Auto Collision Center Inc","4.7","(114)","Auto body shop","Â·","Â·","2701 S Halsted St","Open","Â· Closes 5â€¯PM","(312) 225-6500","http://www.tonysautocollisionchicago.com/","î ‹","Website","î”®","Directions","î¤´","Â·","https://ssl.gstatic.com/local/servicebusiness/default_user.png","""They gave me my car looking brand new too which I appreciated so much.""","","",""
"https://www.google.com/maps/place/Chicago+GL+Auto+Body+Repair/data=!4m7!3m6!1s0x880e312114bb3b0b:0xc7afddac089e0f05!8m2!3d41.8082147!4d-87.686236!16s%2Fg%2F11v5rlxvc_!19sChIJCzu7FCExDogRBQ-eCKzdr8c?authuser=0&hl=en&rclk=1","Chicago GL Auto Body Repair","5.0","(104)","Auto repair shop","Â·","2441 W 47th St","","Open","Â· Closes 6â€¯PM","(773) 523-9630","http://chicagoglautobodyrepair.com/","î ‹","Website","î”®","Directions","","Â·","https://ssl.gstatic.com/local/servicebusiness/default_user.png","""They did such an amazing job my car looks brand new again ðŸ˜Š.""","","",""
"https://www.google.com/maps/place/Erie-Lasalle+Body+Shop+on+Kedzie/data=!4m7!3m6!1s0x880e327078455161:0xeaaace7a88f961bf!8m2!3d41.847012!4d-87.705265!16s%2Fg%2F1pp2vjpz5!19sChIJYVFFeHAyDogRv2H5iHrOquo?authuser=0&hl=en&rclk=1","Erie-Lasalle Body Shop on Kedzie","4.7","(237)","Auto body shop","Â·","2440 S Kedzie Ave","","Open","Â· Closes 5â€¯PM","(773) 762-5571","https://www.erielasalle.com/","î ‹","Website","î”®","Directions","","Â·","https://ssl.gstatic.com/local/servicebusiness/default_user.png","""They did an amazing job making my vehicle look like new.""","https://www.carwise.com/auto-body-shops/book-appointment/erie-lasalle-body-shop-kedzie-chicago-il-60623/520336?hl=en-US&gei=78VvaaL_Oua-p84Pzuy6iAY&rwg_token=AFd1xnE70rJwQGpQ4kC1QSRzdCfvMVCRnepe6xA_k1fu2NQ5j68QrsDpS-y5daGyz5_8MdYR8y6dXKSs10_t2Sg0x9Lzq_ouTA%3D%3D","Book online","î¡¸"
"https://www.google.com/maps/place/Paul+Ries+%26+Sons/data=!4m7!3m6!1s0x880e2db2cfa44307:0x30a66f1bdf36390d!8m2!3d41.890575!4d-87.6832614!16s%2Fg%2F11g4j61fys!19sChIJB0Okz7ItDogRDTk23xtvpjA?authuser=0&hl=en&rclk=1","Paul Ries & Sons","4.6","(154)","Auto body shop","Â·","2233 W Grand Ave","","Open","Â· Closes 5â€¯PM","(312) 637-6740","https://paulries.com/","î ‹","Website","î”®","Directions","","Â·","https://ssl.gstatic.com/local/servicebusiness/default_user.png","""Work was done in 2 weeks and the car looks like new.""","https://www.carwise.com/auto-body-shops/book-appointment/paul-ries-and-sons-ii-chicago-il-60612/558921?hl=en-US&gei=78VvaaL_Oua-p84Pzuy6iAY&rwg_token=AFd1xnFOt0ornZpXVPLC0apCAhFh4LxUveXZP5i-G3pII6PRUDU0_k8_FyEMioK6hoVztzQjUlGHWZooVwQaQFLae_wFJEv6cA%3D%3D","Book online","î¡¸"
"https://www.google.com/maps/place/Tiger%27s+Body+Shop,+Inc/data=!4m7!3m6!1s0x880fd24314a94973:0x34b729d0fb1f9ca3!8m2!3d41.947361!4d-87.674173!16s%2Fg%2F1tv3p8l2!19sChIJc0mpFEPSD4gRo5wf-9AptzQ?authuser=0&hl=en&rclk=1","Tiger's Body Shop, Inc","4.6","(81)","Auto body shop","Â·","3604 N Lincoln Ave","","Open","Â· Closes 5â€¯PM","(773) 935-2131","https://www.tigersbodyshop.com/","î ‹","Website","î”®","Directions","","Â·","https://ssl.gstatic.com/local/servicebusiness/default_user.png","""The","","",""
"https://www.google.com/maps/place/Roman+Auto+Body+%26+Repair+Inc/data=!4m7!3m6!1s0x880fcd021848cd05:0x8e1b1f03deae30d1!8m2!3d41.9315714!4d-87.7358685!16s%2Fg%2F1tcv20xr!19sChIJBc1IGALND4gR0TCu3gMfG44?authuser=0&hl=en&rclk=1","Roman Auto Body & Repair Inc","4.8","(144)","Auto body shop","Â·","Â·","4339 W Diversey Ave","Open","Â· Closes 5â€¯PM","(773) 395-7906","http://romanautoshop.com/","î ‹","Website","î”®","Directions","î¤´","Â·","https://ssl.gstatic.com/local/servicebusiness/default_user.png","""They took my old car from barely running to running great!""","","",""
"https://www.google.com/maps/place/Abe%27s+Auto+Body+Shop+Inc/data=!4m7!3m6!1s0x880e2f1bc7b5bfaf:0xc3780a6edd8337e2!8m2!3d41.7605819!4d-87.6828765!16s%2Fg%2F11lm38gjdp!19sChIJr7-1xxsvDogR4jeD3W4KeMM?authuser=0&hl=en&rclk=1","Abe's Auto Body Shop Inc","4.8","(64)","Auto body shop","Â·","7313 S Western Ave","","Open","Â· Closes 5â€¯PM","(773) 925-7252","http://autocollisionrepairchicago.com/","î ‹","Website","î”®","Directions","","Â·","https://ssl.gstatic.com/local/servicebusiness/default_user.png","""Abe did an amazing job getting several scratches out of my Lexus SUV.""","","",""
"https://www.google.com/maps/place/Jordan+Auto+Body/data=!4m7!3m6!1s0x880fcd365ef85613:0x71c127b5225f1366!8m2!3d41.9032252!4d-87.7198056!16s%2Fg%2F1tgtg2js!19sChIJE1b4XjbND4gRZhNfIrUnwXE?authuser=0&hl=en&rclk=1","Jordan Auto Body","4.7","(154)","Auto body shop","Â·","Â·","3689 W Grand Ave","Open","Â· Closes 5â€¯PM","(773) 395-8888","https://www.jordanautomotive.com/","î ‹","Website","î”®","Directions","î¤´","Â·","https://ssl.gstatic.com/local/servicebusiness/default_user.png","""Incredibly professional, reasonably priced and had my car done on time.""","","",""
"https://www.google.com/maps/place/Wreck+%26+Roll+Auto+Body/data=!4m7!3m6!1s0x880fd1dbab0cc6a5:0xdf6739be777adb63!8m2!3d42.0028502!4d-87.6902624!16s%2Fg%2F1tdv_h1l!19sChIJpcYMq9vRD4gRY9t6d745Z98?authuser=0&hl=en&rclk=1","Wreck & Roll Auto Body","4.7","(129)","Auto body shop","Â·","6652 N Western Ave","","Open","Â· Closes 6â€¯PM","(773) 508-9900","http://wreckandroll.com/","î ‹","Website","î”®","Directions","","Â·","https://ssl.gstatic.com/local/servicebusiness/default_user.png","""They gave my car back in record time looking like new.""","","",""
"https://www.google.com/maps/place/Diamante+Auto+Body+Repair+Shop/data=!4m7!3m6!1s0x87c0f13f91572807:0xcdc2afe16f8f865c!8m2!3d39.1153184!4d-94.6477464!16s%2Fg%2F11j_s09gyx!19sChIJByhXkT_xwIcRXIaPb-Gvws0?authuser=0&hl=en&rclk=1","Diamante Auto Body Repair Shop","5.0","(158)","Auto body shop","Â·","1615 Minnesota Ave","","Open","Â· Closes 6â€¯PM","(913) 278-7919","https://instagram.com/diamanteautobody?igshid=YmMyMTA2M2Y=","î ‹","Website","î”®","Directions","","Â·","https://ssl.gstatic.com/local/servicebusiness/default_user.png","""Excellent customer service on my 2020 the car looks brand new again.""","","",""
"https://www.google.com/maps/place/Express+Auto+Service+Inc./data=!4m7!3m6!1s0x880fcea0486899bd:0x66813dfff1433b43!8m2!3d41.9789446!4d-87.7582957!16s%2Fg%2F1x6q2bv0!19sChIJvZloSKDOD4gRQztD8f89gWY?authuser=0&hl=en&rclk=1","Express Auto Service Inc.","4.7","(153)","Auto body shop","Â·","Â·","5374 N Elston Ave","Open","Â· Closes 6â€¯PM","(773) 205-2262","","î”®","Directions","","","î¤´","Â·","https://ssl.gstatic.com/local/servicebusiness/default_user.png","""The mechanic found and change actually two bulbs dark, for $15 totally.""","","",""
"https://www.google.com/maps/place/JC+Auto+Body+Repair+INC/data=!4m7!3m6!1s0x880e2e7a5cf0a611:0x808cf1259d917e25!8m2!3d41.8096008!4d-87.6663665!16s%2Fg%2F1tcvz_qk!19sChIJEabwXHouDogRJX6RnSXxjIA?authuser=0&hl=en&rclk=1","JC Auto Body Repair INC","4.9","(79)","Auto body shop","Â·","Â·","4624 S Marshfield Ave","Open","Â· Closes 5â€¯PM","(773) 523-1611","https://jcautobodyrepairinc.com/","î ‹","Website","î”®","Directions","î¤´","Â·","https://ssl.gstatic.com/local/servicebusiness/default_user.png","""They fixed a huge scratch on my door and it looks brand new.""","","",""
"https://www.google.com/maps/place/Preferred+Auto+Body/data=!4m7!3m6!1s0x880e2faf47eb64a7:0x1248b152bdce6d37!8m2!3d41.7680201!4d-87.6634947!16s%2Fg%2F1tl0xy9t!19sChIJp2TrR68vDogRN23OvVKxSBI?authuser=0&hl=en&rclk=1","Preferred Auto Body","4.4","(268)","Auto body shop","Â·","6915 S Ashland Ave","","Open","Â· Closes 4:30â€¯PM","(773) 778-3160","http://www.preferredautobodychicago.weebly.com/","î ‹","Website","î”®","Directions","","Â·","https://ssl.gstatic.com/local/servicebusiness/default_user.png","""They provided excellent","","",""
"https://www.google.com/maps/place/River+North+Collision+Repair/data=!4m7!3m6!1s0x880fd35cf86a694f:0xd7525e31bb240cc3!8m2!3d41.910404!4d-87.6611174!16s%2Fg%2F11v5w150dm!19sChIJT2lq-FzTD4gRwwwkuzFeUtc?authuser=0&hl=en&rclk=1","River North Collision Repair","4.8","(51)","Auto body shop","Â·","Â·","1317 W North Ave","Open","Â· Closes 7â€¯PM","(312) 403-6000","https://www.rivernorthcollisionrepair.com/","î ‹","Website","î”®","Directions","î¤´","Â·","https://ssl.gstatic.com/local/servicebusiness/default_user.png","""The car looks as good as new and they cleaned it inside and out.""","","",""
"https://www.google.com/maps/place/Perillo+Collision+Center/data=!4m7!3m6!1s0x880e2cd2a32cbc3b:0xb97f5bbf52dd7d82!8m2!3d41.894886!4d-87.6486816!16s%2Fg%2F1tdcgyyh!19sChIJO7wso9IsDogRgn3dUr9bf7k?authuser=0&hl=en&rclk=1","Perillo Collision Center","4.6","(171)","Auto body shop","Â·","Â·","681 N Green St","Open","Â· Closes 5â€¯PM","(312) 291-7342","https://perillocollision.com/","î ‹","Website","î”®","Directions","î¤´","Â·","https://ssl.gstatic.com/local/servicebusiness/default_user.png","""The area they worked on (bumper) looks better than brand new.""","https://www.carwise.com/auto-body-shops/book-appointment/perillo-collision-center-chicago-il-60642/525819?hl=en-US&gei=78VvaaL_Oua-p84Pzuy6iAY&rwg_token=AFd1xnFXQMNoqx-IQDaXCNFq10A57G7ng82szCFIXh4NHvZ4obIiDHT-NkCUv6n7x1Pjh3c86ldZOXWkaqGARRGR44yTuSkvKQ%3D%3D","Book online","î¡¸"
"https://www.google.com/maps/place/Crash+Champions+Collision+Repair+Milwaukee+Ave/data=!4m7!3m6!1s0x880fcdadb8db0481:0xc18bc24d560f4fbb!8m2!3d41.945322!4d-87.73351!16s%2Fg%2F1tpf7qsw!19sChIJgQTbuK3ND4gRu08PVk3Ci8E?authuser=0&hl=en&rclk=1","Crash Champions Collision Repair Milwaukee Ave","4.5","(355)","Auto body shop","Â·","Â·","3545 N Milwaukee Ave","Open","Â· Closes 5â€¯PM","(773) 777-8900","https://crashchampions.com/locations/chicagodivision-il","î ‹","Website","î”®","Directions","î¤´","Â·","https://ssl.gstatic.com/local/servicebusiness/default_user.png","""Knowledgeable efficient friendly staff ..car looked new !!""","","",""
"https://www.google.com/maps/place/Avondale+Collision+and+Repair/data=!4m7!3m6!1s0x880fcdadd179cf25:0x314a2f16488aef66!8m2!3d41.9447478!4d-87.7325822!16s%2Fg%2F11cky01yt0!19sChIJJc950a3ND4gRZu-KSBYvSjE?authuser=0&hl=en&rclk=1","Avondale Collision and Repair","4.8","(255)","Auto body shop","Â·","Â·","3501 N Milwaukee Ave","Open","Â· Closes 6â€¯PM","(773) 647-1053","https://avondalecollision.durablesites.com/","î ‹","Website","î”®","Directions","î¤´","Â·","https://ssl.gstatic.com/local/servicebusiness/default_user.png","""The quality of the repair work is exceptionalâ€”my car looks brand new!""","","",""
"https://www.google.com/maps/place/Gerber+Collision+%26+Glass/data=!4m7!3m6!1s0x880e2cd4ea2baae5:0x694d80031b5cb78!8m2!3d41.8945547!4d-87.6547441!16s%2Fg%2F1wt3n_mp!19sChIJ5aor6tQsDogReMu1MQDYlAY?authuser=0&hl=en&rclk=1","Gerber Collision & Glass","4.4","(158)","Auto body shop","Â·","1060 W Huron St","","Open","Â· Closes 5â€¯PM","(312) 491-0482","https://www.gerbercollision.com/locations/chicago-huron-st-il?utm_source=SEO_Local&utm_medium=SEO_Local_Snack_Pack&utm_campaign=IL&utm_content=ChicagoHuronSt","î ‹","Website","î”®","Directions","","Â·","https://ssl.gstatic.com/local/servicebusiness/default_user.png","""Minor fender bender, but the new bumper and paint matched perfectly.""","https://www.carwise.com/auto-body-shops/book-appointment/gerber-collision-glass-chicago-huron-st-chicago-il-60642/462380?hl=en-US&gei=78VvaaL_Oua-p84Pzuy6iAY&rwg_token=AFd1xnGbo91wnXt5eJuB9cj9_dca1bbEsGSqEaIkyVoBB1oBAawAlItxe6pAYHIPj4OFyOU74YPsdVaD-gyP4B3YwLkDPfs3Zg%3D%3D","Book online","î¡¸"
"https://www.google.com/maps/place/Fasttrak+Auto+Center/data=!4m7!3m6!1s0x880fcd6facc5fa61:0xd128b1742cd0c332!8m2!3d41.9241896!4d-87.709964!16s%2Fg%2F12m98w00b!19sChIJYfrFrG_ND4gRMsPQLHSxKNE?authuser=0&hl=en&rclk=1","Fasttrak Auto Center","4.7","(108)","Auto body shop","Â·","Â·","3263 W Fullerton Ave","Open","Â· Closes 2â€¯AM","(773) 252-6363","https://www.unibody.com/fasttrak/fasttrak.html","î ‹","Website","î”®","Directions","î¤´","Â·","https://ssl.gstatic.com/local/servicebusiness/default_user.png","""Certified mechanics, friendly atmosphere and reasonable price.""","","",""
"https://www.google.com/maps/place/Howard+Auto+Body+%26+Repair+Inc/data=!4m7!3m6!1s0x880fd03216a9f363:0x42541d38606bc09e!8m2!3d42.0192615!4d-87.6868528!16s%2Fg%2F1tqtygs2!19sChIJY_OpFjLQD4gRnsBrYDgdVEI?authuser=0&hl=en&rclk=1","Howard Auto Body & Repair Inc","4.7","(306)","Auto body shop","Â·","Â·","2255 W Howard St","Open","Â· Closes 6â€¯PM","(773) 262-3550","http://www.howardautobody.com/","î ‹","Website","î”®","Directions","î¤´","Â·","https://ssl.gstatic.com/local/servicebusiness/default_user.png","""I picked my car like a brand new - clean and shiny.""","","",""
"https://www.google.com/maps/place/Dale%27s+Auto+Body+KC/data=!4m7!3m6!1s0x87c0f1625faf77b9:0x8ad183ab79ce889b!8m2!3d39.116852!4d-94.643612!16s%2Fg%2F1tdqh_g7!19sChIJuXevX2LxwIcRm4jOeauD0Yo?authuser=0&hl=en&rclk=1","Dale's Auto Body KC","4.9","(22)","Auto body shop","Â·","1310 State Ave","Â·","Open","Â· Closes 6â€¯PM","(913) 371-6654","","î”®","Directions","","","","","https://ssl.gstatic.com/local/servicebusiness/default_user.png","""Awesome I will always recommend dales","","",""
"https://www.google.com/maps/place/In+%26+Out+Auto+Repair+%26+Body+Shop+Inc/data=!4m7!3m6!1s0x880e316d535eb929:0xa25c22646ccf026a!8m2!3d41.7983744!4d-87.7471298!16s%2Fg%2F11hy9pb1km!19sChIJKbleU20xDogRagLPbGQiXKI?authuser=0&hl=en&rclk=1","In & Out Auto Repair & Body Shop Inc","4.8","(202)","Auto body shop","Â·","Â·","5500 S Archer Ave","Open","Â· Closes 6â€¯PM","(773) 875-6606","","î”®","Directions","","","î¤´","Â·","https://ssl.gstatic.com/local/servicebusiness/default_user.png","""My car looks brand new, and like the accident never happened.""","","",""
"https://www.google.com/maps/place/The+Collision+Barn/data=!4m7!3m6!1s0x880fce08938f7103:0x266bbc94c00f19f9!8m2!3d41.9795578!4d-87.7084451!16s%2Fg%2F11c605c9wb!19sChIJA3GPkwjOD4gR-RkPwJS8ayY?authuser=0&hl=en&rclk=1","The Collision Barn","5.0","(329)","Auto body shop","Â·","Â·","5401 N Kedzie Ave","Open","Â· Closes 6â€¯PM","(773) 632-5655","https://thecollisionbarnchicago.com/","î ‹","Website","î”®","Directions","î¤´","Â·","https://ssl.gstatic.com/local/servicebusiness/default_user.png","""They did a beautiful job fixing my","","",""
"https://www.google.com/maps/place/Chicago+Body+Shop/data=!4m7!3m6!1s0x880e27d23a3e51c1:0x885014b8caf2f2ec!8m2!3d41.7513753!4d-87.5740312!16s%2Fg%2F11l0qlz131!19sChIJwVE-OtInDogR7PLyyrgUUIg?authuser=0&hl=en&rclk=1","Chicago Body Shop","5.0","(176)","Fitness center","Â·","Â·","2047 E 79th St","Open","Â· Closes 6â€¯PM","(773) 355-8299","http://thechicagobodyshop.com/","î ‹","Website","î”®","Directions","î¤´","Â·","https://ssl.gstatic.com/local/servicebusiness/default_user.png","""Chicago","","",""
"https://www.google.com/maps/place/A-K+Auto+Mechanic+%26+Body+Shop/data=!4m7!3m6!1s0x880e2c5adaa6db2d:0xe05358b532c218c3!8m2!3d41.8467146!4d-87.6463357!16s%2Fg%2F1tg5cplh!19sChIJLdum2losDogRwxjCMrVYU-A?authuser=0&hl=en&rclk=1","A-K Auto Mechanic & Body Shop","4.1","(147)","Auto body shop","Â·","2515 S Halsted St","","Open","Â· Closes 6â€¯PM","(312) 674-0995","http://akautomechanic.com/","î ‹","Website","î”®","Directions","","Â·","https://ssl.gstatic.com/local/servicebusiness/default_user.png","""Affordable, friendly service at less than half the cost of your dealer.""","","",""
"https://www.google.com/maps/place/Lincoln+Wilson+Collision/data=!4m7!3m6!1s0x880fd1fae5a54cbd:0x7f48558f2e6e3834!8m2!3d41.9840466!4d-87.6896574!16s%2Fg%2F11c5zsczkf!19sChIJvUyl5frRD4gRNDhuLo9VSH8?authuser=0&hl=en&rclk=1","Lincoln Wilson Collision","4.9","(136)","Auto body shop","Â·","Â·","5628 N Western Ave","Open","Â· Closes 5â€¯PM","(773) 599-4038","http://lwcollision.com/","î ‹","Website","î”®","Directions","î¤´","Â·","https://ssl.gstatic.com/local/servicebusiness/default_user.png","""They had my car fixed in a timely manner and itâ€™s looking brand new!""","","",""
"https://www.google.com/maps/place/Body+Works+on+Grand,+Inc./data=!4m7!3m6!1s0x880fcb611140bdb9:0xd2e9966e4a65ab1e!8m2!3d41.9214108!4d-87.7795122!16s%2Fg%2F1tfm77p0!19sChIJub1AEWHLD4gRHqtlSm6W6dI?authuser=0&hl=en&rclk=1","Body Works on Grand, Inc.","4.5","(85)","Auto body shop","Â·","6134 W Grand Ave","","Open","Â· Closes 5â€¯PM","(773) 745-1993","https://www.bodyworksongrand.com/","î ‹","Website","î”®","Directions","","Â·","https://ssl.gstatic.com/local/servicebusiness/default_user.png","""Excellent customer service and excellent","","",""
"https://www.google.com/maps/place/CARSTAR+Grand+Avenue/data=!4m7!3m6!1s0x880fccdc88480f73:0x183f888ccf575d2a!8m2!3d41.9130882!4d-87.7444594!16s%2Fg%2F1vs5x9wx!19sChIJcw9IiNzMD4gRKl1Xz4yIPxg?authuser=0&hl=en&rclk=1","CARSTAR Grand Avenue","4.9","(421)","Auto body shop","Â·","Â·","4723 W Grand Ave","Open","Â· Closes 5:30â€¯PM","(773) 486-2131","https://www.carstar.com/locations/il/chicago-15143/","î ‹","Website","î”®","Directions","î¤´","Destination for collision repair","https://ssl.gstatic.com/local/servicebusiness/default_user.png","""The work done on my car was impeccableâ€”everything looks as good as new!""","","",""
"https://www.google.com/maps/place/Phil%27s+Auto+Body/data=!4m7!3m6!1s0x880e2c4a59b5714d:0x5e688dd3db23d10b!8m2!3d41.8305322!4d-87.6474838!16s%2Fg%2F1tr9n_nv!19sChIJTXG1WUosDogRC9Ej29ONaF4?authuser=0&hl=en&rclk=1","Phil's Auto Body","4.8","(98)","Auto body shop","Â·","833 W 35th St","Â·","Closed","Â· Opens 3â€¯PM","(773) 847-7156","","î”®","Directions","","","","","https://ssl.gstatic.com/local/servicebusiness/default_user.png","""They took my car in only 12 hours after that deer wrecked my front end.""","","",""
"https://www.google.com/maps/place/Diamond+Collision+Repair/data=!4m7!3m6!1s0x880fcbb421ed168d:0xac5ed4bd13f2120a!8m2!3d41.9072662!4d-87.7438897!16s%2Fg%2F11fr15rk6n!19sChIJjRbtIbTLD4gRChLyE73UXqw?authuser=0&hl=en&rclk=1","Diamond Collision Repair","4.7","(251)","Auto body shop","Â·","Â·","1440 N Kilpatrick Ave","Open","Â· Closes 4â€¯PM","(773) 417-4165","https://www.diamondcollisionrepair.com/","î ‹","Website","î”®","Directions","î¤´","Â·","https://ssl.gstatic.com/local/servicebusiness/default_user.png","""They did the work on my car very excellent and good customer service.""","","",""
"https://www.google.com/maps/place/Metro+Auto+Body+Group/data=!4m7!3m6!1s0x880e2db7e6de13a5:0x5657cd018cf83333!8m2!3d41.8366391!4d-87.6669453!16s%2Fg%2F1tdb08dh!19sChIJpRPe5rctDogRMzP4jAHNV1Y?authuser=0&hl=en&rclk=1","Metro Auto Body Group","4.8","(97)","Auto repair shop","Â·","Â·","3147 S Archer Ave","Open","Â· Closes 6â€¯PM","(773) 376-5800","","î”®","Directions","","","î¤´","Â·","https://ssl.gstatic.com/local/servicebusiness/default_user.png","""Friendly, honest, and punctual service with very reasonable prices.""","","",""
"https://www.google.com/maps/place/King+Auto+Repair+%26+Body+Shop/data=!4m7!3m6!1s0x880e2d47b78a3fa3:0xc697abbf6f8e0285!8m2!3d41.8850043!4d-87.6798542!16s%2Fg%2F1td13vx3!19sChIJoz-Kt0ctDogRhQKOb7-rl8Y?authuser=0&hl=en&rclk=1","King Auto Repair & Body Shop","4.1","(89)","Auto body shop","Â·","Â·","2120 W Lake St","Open","Â· Closes 6â€¯PM","(312) 666-6000","","î”®","Directions","","","î¤´","Â·","https://ssl.gstatic.com/local/servicebusiness/default_user.png","""Very reasonable prices for repair.""","","",""
"https://www.google.com/maps/place/Carstar+Roe+Body+Shop/data=!4m7!3m6!1s0x87c0ee0af42f81d7:0xb45050d77faa6be1!8m2!3d39.0429311!4d-94.6403347!16s%2Fg%2F1tc_lnv9!19sChIJ14Ev9AruwIcR4Wuqf9dQULQ?authuser=0&hl=en&rclk=1","Carstar Roe Body Shop","4.8","(427)","Auto body shop","Â·","Â·","4715 Roe Pkwy","Open","Â· Closes 5â€¯PM","(913) 722-2545","https://www.carstar.com/locations/ks/roeland-park-15429/","î ‹","Website","î”®","Directions","î¤´","Â·","https://ssl.gstatic.com/local/servicebusiness/default_user.png","""Got the car within a week and looks brand new with the paint.""","https://www.carwise.com/auto-body-shops/book-appointment/carstar-roe-body-shop-roeland-park-ks-66205/569355?hl=en-US&gei=98VvaZLuFNWvp84PhOqQ2QE&rwg_token=AFd1xnEEDBZXNDPtpwlHqFgmVyR3e2ySyWfl2j1DeFMLdLUb8_CHaldyOCZEyGYwmG-9AGRRhDwusl4AOlwvbmzO9xvggI8CVg%3D%3D","Book online","î¡¸"
"https://www.google.com/maps/place/Oscar%27s+Auto+Body+and+Mechanical/data=!4m7!3m6!1s0x880fcdc7a2eed5a9:0x98262d44dd0179cb!8m2!3d41.9580611!4d-87.7250627!16s%2Fg%2F1tdgkvyy!19sChIJqdXuosfND4gRy3kB3UQtJpg?authuser=0&hl=en&rclk=1","Oscar's Auto Body and Mechanical","4.7","(182)","Auto body shop","Â·","4227 N Elston Ave","Â·","Open","Â· Closes 6â€¯PM","(773) 539-5443","","î”®","Directions","","","","","https://ssl.gstatic.com/local/servicebusiness/default_user.png","""The work they do is fast, efficient and they made my car look brand new.""","","",""
"https://www.google.com/maps/place/Maaco+Fleet+Solutions+Center/data=!4m7!3m6!1s0x880e2fcec5895b03:0x4eadbcdf4b2559a9!8m2!3d41.7706615!4d-87.6838133!16s%2Fg%2F1tkp0cfj!19sChIJA1uJxc4vDogRqVklS9-8rU4?authuser=0&hl=en&rclk=1","Maaco Fleet Solutions Center","4.5","(173)","Auto body shop","Â·","6740 S Western Ave","","Open","Â· Closes 5â€¯PM","(773) 432-4453","https://www.maaco.com/locations/il/chicago-11657/?utm_source=google&utm_medium=organic&utm_campaign=gbp_website","î ‹","Website","î”®","Directions","","Â·","https://ssl.gstatic.com/local/servicebusiness/default_user.png","""He left my vehicle in excellent condition, he made my car look brand new.""","","",""
"https://www.google.com/maps/place/Maaco+Auto+Body+Shop+%26+Painting/data=!4m7!3m6!1s0x880e287b75e78801:0x11476d2425f3867e!8m2!3d41.7427249!4d-87.5730709!16s%2Fg%2F1tj223kn!19sChIJAYjndXsoDogRfobzJSRtRxE?authuser=0&hl=en&rclk=1","Maaco Auto Body Shop & Painting","4.6","(297)","Auto body shop","Â·","Â·","8383 S South Chicago Ave","Open","Â· Closes 5â€¯PM","(872) 228-9408","https://www.maaco.com/locations/il/chicago-11356/?source=google?utm_source=google&utm_medium=organic&utm_campaign=gbp_website","î ‹","Website","î”®","Directions","î¤´","Â·","https://ssl.gstatic.com/local/servicebusiness/default_user.png","""The","","",""
"https://www.google.com/maps/place/Mas+Collision+Experts/data=!4m7!3m6!1s0x880e33f3c14ba9bf:0x1e85b77bd671fabe!8m2!3d41.9029419!4d-87.7297597!16s%2Fg%2F11ldm4h3f6!19sChIJv6lLwfMzDogRvvpx1nu3hR4?authuser=0&hl=en&rclk=1","Mas Collision Experts","5.0","(89)","Auto body shop","Â·","4118 W Division St","","Open","Â· Closes 5â€¯PM","(773) 698-6146","https://mascollisionexperts.com/","î ‹","Website","î”®","Directions","","Â·","https://ssl.gstatic.com/local/servicebusiness/default_user.png","""Twice in a row they have done a magnificent job with","","",""
"https://www.google.com/maps/place/Crash+Champions+Collision+Repair+Belmont/data=!4m7!3m6!1s0x880fcc618c8d39af:0x59705195cf5387db!8m2!3d41.9389128!4d-87.7610752!16s%2Fg%2F11b6v0l_8h!19sChIJrzmNjGHMD4gR24dTz5VRcFk?authuser=0&hl=en&rclk=1","Crash Champions Collision Repair Belmont","4.5","(677)","Auto body shop","Â·","Â·","5350 W Belmont Ave","Open","Â· Closes 5â€¯PM","(773) 794-1212","https://crashchampions.com/locations/crash-champions-belmont","î ‹","Website","î”®","Directions","î¤´","Â·","https://ssl.gstatic.com/local/servicebusiness/default_user.png","""Very good work done, very professional, and car looked brand new.""","https://www.carwise.com/auto-body-shops/book-appointment/crash-champions-0562-belmont-chicago-il-60641/603841?hl=en-US&gei=98VvaZLuFNWvp84PhOqQ2QE&rwg_token=AFd1xnETPAEpuZZVpQaGfsBDOZmh5JKuyAUVTaJWr4uW95qtVbe1hwV5oPyv_Q1nOUAGbGc6csJH_DW-X45DGQ9ADBNey3oWKQ%3D%3D","Book online","î¡¸"
"https://www.google.com/maps/place/Crash+Champions+Collision+Repair+Wabash+Ave/data=!4m7!3m6!1s0x880e2c7d9713cecf:0x3ff547a2e9d7894a!8m2!3d41.8544983!4d-87.6250449!16s%2Fg%2F11hd1mgsph!19sChIJz84Tl30sDogRSonX6aJH9T8?authuser=0&hl=en&rclk=1","Crash Champions Collision Repair Wabash Ave","4.2","(127)","Auto body shop","Â·","Â·","2031 S Wabash Ave","Open","Â· Closes 5â€¯PM","(312) 225-0666","https://crashchampions.com/locations/chicagodivision-il","î ‹","Website","î”®","Directions","î¤´","Â·","https://ssl.gstatic.com/local/servicebusiness/default_user.png","""The service was very fast, and afterwards my car looked brand new.""","","",""
"https://www.google.com/maps/place/European+%26+US+Collision+Repair+Inc/data=!4m7!3m6!1s0x880fd34e8c93163b:0x18feff26fbab12b4!8m2!3d41.9564685!4d-87.6519339!16s%2Fg%2F1v29cml5!19sChIJOxaTjE7TD4gRtBKr-yb__hg?authuser=0&hl=en&rclk=1","European & US Collision Repair Inc","4.5","(206)","Auto body shop","Â·","Â·","4080 N Broadway","Open","Â· Closes 5:30â€¯PM","(773) 248-1200","https://technicraftgroup.com/our-shops/european-us-collision-repair/","î ‹","Website","î”®","Directions","î¤´","Â·","https://ssl.gstatic.com/local/servicebusiness/default_user.png","""The car looked like brand new and they cleaned the inside & out.""","https://www.carwise.com/auto-body-shops/book-appointment/european-us-collision-repair-inc-chicago-il-60613/613751?hl=en-US&gei=_sVvaePILsS_p84PmeD2gQY&rwg_token=AFd1xnEY9IHcmH-n-tIA6BCTXvr2rrl4Wh-nSE6eMbrjtbRwA4ZHhZZ33vueFPMZvGJf2WIg9cmH7ecmOt9U_Dl6OPS0ocJrCA%3D%3D","Book online","î¡¸"
"https://www.google.com/maps/place/S+%26+S+Auto+Body/data=!4m7!3m6!1s0x880e2e309fee022d:0x231a170afe3d200d!8m2!3d41.787144!4d-87.684237!16s%2Fg%2F1tg9j3zm!19sChIJLQLunzAuDogRDSA9_goXGiM?authuser=0&hl=en&rclk=1","S & S Auto Body","4.8","(11)","Auto body shop","Â·","Â·","5840 S Western Ave","Open","Â· Closes 4â€¯PM","(773) 737-1884","http://sandsautobodychicago.com/","î ‹","Website","î”®","Directions","î¤´","Â·","https://ssl.gstatic.com/local/servicebusiness/default_user.png","""They are very polite  and willing to help you out with reasonable  prices""","","",""
"https://www.google.com/maps/place/Kraftsmen+Auto+Body/data=!4m7!3m6!1s0x880fd263265a03b1:0x6883b72d18003d71!8m2!3d41.9389488!4d-87.686844!16s%2Fg%2F1tfbcrp9!19sChIJsQNaJmPSD4gRcT0AGC23g2g?authuser=0&hl=en&rclk=1","Kraftsmen Auto Body","4.9","(245)","Auto body shop","Â·","Â·","3149 N Clybourn Ave","Open","Â· Closes 5â€¯PM","(773) 525-1907","https://www.kraftsmenautobody60618.com/","î ‹","Website","î”®","Directions","î¤´","Â·","https://ssl.gstatic.com/local/servicebusiness/default_user.png","""Their work took about a week and my car looked absolutely amazing, like new.""","","",""
"https://www.google.com/maps/place/Elar+Auto+Rebuilders+Inc/data=!4m7!3m6!1s0x880e2c5efb13b0a1:0x463071257eb8aad!8m2!3d41.8570954!4d-87.6416693!16s%2Fg%2F1tjwjb6p!19sChIJobAT-14sDogRrYrrVxIHYwQ?authuser=0&hl=en&rclk=1","Elar Auto Rebuilders Inc","4.6","(43)","Auto body shop","Â·","Â·","1846 S Canalport Ave","Open","Â· Closes 5â€¯PM","(312) 226-6226","http://elarautorebuilders.com/","î ‹","Website","î”®","Directions","ï•Š","Â·","https://ssl.gstatic.com/local/servicebusiness/default_user.png","""The service I received was above and beyond my car looks brand new.""","","",""
"https://www.google.com/maps/place/Attica+Auto+Body+Shop/data=!4m7!3m6!1s0x880fcdede8c54fcb:0x1f51b8e72f94b42e!8m2!3d41.9605382!4d-87.7083716!16s%2Fg%2F1ttq2q1q!19sChIJy0_F6O3ND4gRLrSUL-e4UR8?authuser=0&hl=en&rclk=1","Attica Auto Body Shop","4.7","(69)","Auto body shop","Â·","4340 N Kedzie Ave #1302","","Open","Â· Closes 5:30â€¯PM","(773) 588-0730","http://www.atticaautobodyshop.com/","î ‹","Website","î”®","Directions","","Â·","https://ssl.gstatic.com/local/servicebusiness/default_user.png","""The turnaround time was quick and my car looks and feels brand new.""","","",""
"https://www.google.com/maps/place/North+Shore+Auto+Rebuilders+Inc/data=!4m7!3m6!1s0x880fd1a1cd1f2867:0x16efbfedeefd39c7!8m2!3d41.995813!4d-87.660771!16s%2Fg%2F1tk_pwg4!19sChIJZygfzaHRD4gRxzn97u2_7xY?authuser=0&hl=en&rclk=1","North Shore Auto Rebuilders Inc","4.9","(77)","Auto body shop","Â·","Â·","6240 N Broadway","Open","Â· Closes 5â€¯PM","(773) 743-4385","http://northshoreautorebuilders.com/","î ‹","Website","î”®","Directions","î¤´","Â·","https://ssl.gstatic.com/local/servicebusiness/default_user.png","""Fantastic","","",""
"https://www.google.com/maps/place/Jimmy+D%27s+Body+%26+Fender+Shop/data=!4m7!3m6!1s0x880e2de278166f3f:0x254f69a2a2adfd88!8m2!3d41.8172183!4d-87.6850304!16s%2Fg%2F1tl1p0km!19sChIJP28WeOItDogRiP2toqJpTyU?authuser=0&hl=en&rclk=1","Jimmy D's Body & Fender Shop","4.7","(52)","Auto body shop","Â·","Â·","4208 S Western Ave","Open","Â· Closes 5â€¯PM","(773) 847-0426","","î”®","Directions","","","î¤´","Â·","https://ssl.gstatic.com/local/servicebusiness/default_user.png","""They always leave my car looking like brand new""","","",""
"https://www.google.com/maps/place/Lake+Side+Collision/data=!4m7!3m6!1s0x8811d871db8f71e7:0xe214c9210dd2b513!8m2!3d41.7077286!4d-87.5300274!16s%2Fg%2F1tlbv9vd!19sChIJ53GP23HYEYgRE7XSDSHJFOI?authuser=0&hl=en&rclk=1","Lake Side Collision","4.6","(105)","Auto body shop","Â·","10300 S Indianapolis Ave","","Open","Â· Closes 4â€¯PM","(773) 221-9500","http://lscchicago.net/","î ‹","Website","î”®","Directions","","Â·","https://ssl.gstatic.com/local/servicebusiness/default_user.png","""The car looked brand new when I got it back.""","","",""
"https://www.google.com/maps/place/J+%26+C+Auto+Body+Inc/data=!4m7!3m6!1s0x880fcdbf075c3853:0x673a57977766259b!8m2!3d41.954482!4d-87.719747!16s%2Fg%2F1tpllb79!19sChIJUzhcB7_ND4gRmyVmd5dXOmc?authuser=0&hl=en&rclk=1","J & C Auto Body Inc","4.7","(38)","Auto repair shop","Â·","4023 N Elston Ave","","Open","Â· Closes 6â€¯PM","(773) 267-7719","https://www.facebook.com/jandcautobody/","î ‹","Website","î”®","Directions","","Â·","https://ssl.gstatic.com/local/servicebusiness/default_user.png","""The","","",""
"https://www.google.com/maps/place/Falcon+Auto+Body/data=!4m7!3m6!1s0x880e327a8228c10b:0x3eafefd64dc8fd2c!8m2!3d41.847288!4d-87.705454!16s%2Fg%2F1vfwdfvk!19sChIJC8EognoyDogRLP3ITdbvrz4?authuser=0&hl=en&rclk=1","Falcon Auto Body","4.2","(47)","Auto body shop","Â·","2430 S Kedzie Ave","Â·","Open","Â· Closes 5â€¯PM","(773) 521-1790","","î”®","Directions","","","","","https://ssl.gstatic.com/local/servicebusiness/default_user.png","""They did an excellent job, my car looks brand new.""","","",""
"https://www.google.com/maps/place/Car+Care+Body+Shop/data=!4m7!3m6!1s0x880fcd25847f657d:0xd45ffeb24334b0db!8m2!3d41.9077176!4d-87.7297647!16s%2Fg%2F1tflsm7v!19sChIJfWV_hCXND4gR27A0Q7L-X9Q?authuser=0&hl=en&rclk=1","Car Care Body Shop","3.9","(51)","Auto body shop","Â·","4122-30 W Grand Ave","","Open","Â· Closes 5â€¯PM","(773) 235-4660","https://carcarebodyshop.com/","î ‹","Website","î”®","Directions","","Â·","https://ssl.gstatic.com/local/servicebusiness/default_user.png","""They treat you like family and make your car better than new!""","","",""
"https://www.google.com/maps/place/John%27s+Auto+Body+%26+Repair/data=!4m7!3m6!1s0x880fd1e51ec28af1:0xc619f591e0e2b0a4!8m2!3d41.987151!4d-87.689971!16s%2Fg%2F1tdkh7l1!19sChIJ8YrCHuXRD4gRpLDi4JH1GcY?authuser=0&hl=en&rclk=1","John's Auto Body & Repair","4.6","(67)","Auto body shop","Â·","Â·","5810 N Western Ave","Open","Â· Closes 5:30â€¯PM","(773) 784-0303","","î”®","Directions","","","î¤´","Â·","https://ssl.gstatic.com/local/servicebusiness/default_user.png","""They offer much more reasonable price with a good car repair skill.""","","",""
"https://www.google.com/maps/place/Parkview+Auto+Repair+%26+Body+Shop/data=!4m7!3m6!1s0x880e2de24701476f:0x29cf56f3ff691779!8m2!3d41.8185693!4d-87.6836172!16s%2Fg%2F1tf7bpb5!19sChIJb0cBR-ItDogReRdp__NWzyk?authuser=0&hl=en&rclk=1","Parkview Auto Repair & Body Shop","4.3","(319)","Auto body shop","Â·","Â·","4139 S Western Blvd","Open","Â· Closes 6â€¯PM","(773) 847-9627","https://www.parkviewautochicago.com/","î ‹","Website","î”®","Directions","î¤´","Â·","https://ssl.gstatic.com/local/servicebusiness/default_user.png","""Parkview found issues with my car and resolved the problem.""","","",""
"https://www.google.com/maps/place/Gerber+Collision+%26+Glass/data=!4m7!3m6!1s0x880fd3afe9b4f5fb:0x5f94af3a18f0fc!8m2!3d41.9442523!4d-87.648871!16s%2Fg%2F1v3_38kb!19sChIJ-_W06a_TD4gR_PAYOq-UXwA?authuser=0&hl=en&rclk=1","Gerber Collision & Glass","4.5","(180)","Auto body shop","Â·","3425 N Halsted St","","Open","Â· Closes 5â€¯PM","(773) 296-0555","https://www.gerbercollision.com/locations/chicago-halsted-st-il?utm_source=SEO_Local&utm_medium=SEO_Local_Snack_Pack&utm_campaign=IL&utm_content=ChicagoHalstedSt","î ‹","Website","î”®","Directions","","Â·","https://ssl.gstatic.com/local/servicebusiness/default_user.png","""My car was done within 4 days and the paint match was spot on!""","https://www.carwise.com/auto-body-shops/book-appointment/gerber-collision-glass-chicago-halsted-st-chicago-il-60657/460979?hl=en-US&gei=_sVvaePILsS_p84PmeD2gQY&rwg_token=AFd1xnGZiKwaYUcRVgnoWVL08FlaONAwOCA5039ivevN8mGmb5Heo2wFUvqnr0FoxJP9CwFBmF2HslAzSC26bTgINpDI6H68pA%3D%3D","Book online","î¡¸"
"https://www.google.com/maps/place/CDE+Collision+Centers+-+Chicago+5710/data=!4m7!3m6!1s0x880e2e3bca16a2d9:0x4759e2303dac5967!8m2!3d41.7895409!4d-87.6843871!16s%2Fg%2F1tht20p6!19sChIJ2aIWyjsuDogRZ1msPTDiWUc?authuser=0&hl=en&rclk=1","CDE Collision Centers - Chicago 5710","4.8","(628)","Auto body shop","Â·","Â·","5710 S Western Ave","Open","Â· Closes 5â€¯PM","(773) 434-2424","https://cdecollisioncenters.com/","î ‹","Website","î”®","Directions","î¤´","Â·","https://ssl.gstatic.com/local/servicebusiness/default_user.png","""Picked up a clean and fixed like new car!""","https://www.carwise.com/auto-body-shops/book-appointment/cde-collision-centers-57-th-chicago-il-60636/461934?hl=en-US&gei=_sVvaePILsS_p84PmeD2gQY&rwg_token=AFd1xnE5Xg3BJnGEGT5MWn7de8-8IYwpig5xaK8z5EM8uvb0y4Tt_oUUjgpOlBHYgqSAXGUNMX7zsVNwiLk47fGwy5f8w5SQpA%3D%3D","Book online","î¡¸"
"https://www.google.com/maps/place/Economy+Auto+Body+Shop/data=!4m7!3m6!1s0x880e313b4dd3125d:0xebc761f0e38e88c3!8m2!3d41.7887119!4d-87.762493!16s%2Fg%2F1tg6w8lc!19sChIJXRLTTTsxDogRw4iO4_Bhx-s?authuser=0&hl=en&rclk=1","Economy Auto Body Shop","4.7","(83)","Auto body shop","Â·","Â·","5708 S Central Ave","Open","Â· Closes 6â€¯PM","(773) 581-9290","","î”®","Directions","","","î¤´","Â·","https://ssl.gstatic.com/local/servicebusiness/default_user.png","""All employees are trained to do the best job possible.My car looks like new.""","","",""
"https://www.google.com/maps/place/CARSTAR+International+Auto+Rebuilders/data=!4m7!3m6!1s0x880e2d52c322b2c9:0x8d6c54972465e6f0!8m2!3d41.8985488!4d-87.706431!16s%2Fg%2F1tfwf1zm!19sChIJybIiw1ItDogR8OZlJJdUbI0?authuser=0&hl=en&rclk=1","CARSTAR International Auto Rebuilders","4.4","(208)","Auto body shop","Â·","931 N Kedzie Ave","Destination for collision repair","Open","Â· Closes 5â€¯PM","(773) 862-5338","https://www.carstar.com/locations/il/chicago-15301/","î ‹","Website","î”®","Directions","","Â·","https://ssl.gstatic.com/local/servicebusiness/default_user.png","""Got my car fixed in no time and kept me in the loop.""","https://www.carwise.com/auto-body-shops/book-appointment/carstar-international-auto-rebuilders-chicago-il-60651/550836?hl=en-US&gei=_sVvaePILsS_p84PmeD2gQY&rwg_token=AFd1xnHO4bKiSA6eFtaK4ZgrK5fVMdFWTQkiW28I6wSiWM9sLIurVW0TPMcwQfFLP7lPKaXPxEutaKFRlFTgdNZSZHpHHR_qRw%3D%3D","Book online","î¡¸"
"https://www.google.com/maps/place/C+James+Auto+Body+Shop/data=!4m7!3m6!1s0x880fcdcfa851cea3:0xc443fb60ffe8bd8f!8m2!3d41.9436205!4d-87.7049918!16s%2Fg%2F11g0g90svm!19sChIJo85RqM_ND4gRj73o_2D7Q8Q?authuser=0&hl=en&rclk=1","C James Auto Body Shop","5.0","(12)","Auto body shop","Â·","3452 N Elston Ave #5608","Â·","Open","Â· Closes 6â€¯PM","(773) 588-0313","","î”®","Directions","","","","","https://ssl.gstatic.com/local/servicebusiness/default_user.png","""Good professional staff,great place to take your car job to""","","",""
"https://www.google.com/maps/place/Winston+Auto+Rebuilders+LLC/data=!4m7!3m6!1s0x880e25ff589afc71:0xe81395f9df83c125!8m2!3d41.7201313!4d-87.6512418!16s%2Fg%2F11ghff6kdn!19sChIJcfyaWP8lDogRJcGD3_mVE-g?authuser=0&hl=en&rclk=1","Winston Auto Rebuilders LLC","4.5","(55)","Auto body shop","Â·","Â·","9540 S Vincennes Ave","Open","Â· Closes 5â€¯PM","(773) 239-2822","","î”®","Directions","","","î¤´","Â·","https://ssl.gstatic.com/local/servicebusiness/default_user.png","""Great service & my car looks brand new.""","","",""
"https://www.google.com/maps/place/K+M+Auto+Body+%26+Exports+Inc/data=!4m7!3m6!1s0x880fd1a03e5658c5:0xd404ac2b77a4fa70!8m2!3d41.9960727!4d-87.6595025!16s%2Fg%2F1tj9clmf!19sChIJxVhWPqDRD4gRcPqkdyusBNQ?authuser=0&hl=en&rclk=1","K M Auto Body & Exports Inc","4.6","(37)","Auto body shop","Â·","1123 W Rosemont Ave","Â·","Open","Â· Closes 6â€¯PM","(773) 366-2053","","î”®","Directions","","","","","https://ssl.gstatic.com/local/servicebusiness/default_user.png","""Both their mechanical work and the","","",""
"https://www.google.com/maps/place/C+%26+O+Auto+Rebuilders/data=!4m7!3m6!1s0x880e25d6631b32fd:0x3943f672c4aa6ce1!8m2!3d41.7020061!4d-87.6212558!16s%2Fg%2F1w04kpmp!19sChIJ_TIbY9YlDogR4WyqxHL2Qzk?authuser=0&hl=en&rclk=1","C & O Auto Rebuilders","4.5","(101)","Auto body shop","Â·","Â·","10554 S Michigan Ave","Open","Â· Closes 4â€¯PM","(773) 785-0080","","î”®","Directions","","","î¤´","Â·","https://ssl.gstatic.com/local/servicebusiness/default_user.png","""Not only did they repair it they matched my custom paint perfectly!""","","",""
"https://www.google.com/maps/place/CARRECTLY/data=!4m7!3m6!1s0x880fd3eb0fcc150b:0x460a10c408021ae5!8m2!3d41.9373322!4d-87.6649467!16s%2Fg%2F11r5h_ps12!19sChIJCxXMD-vTD4gR5RoCCMQQCkY?authuser=0&hl=en&rclk=1","CARRECTLY","4.9","(28)","Auto body shop","Â·","3047 N Lincoln Ave","","Open","Â· Closes 6â€¯PM","(773) 800-9085","http://www.carrectly.com/","î ‹","Website","î”®","Directions","","Â·","https://ssl.gstatic.com/local/servicebusiness/default_user.png","""They made my 14-year-old Jeep look (and smell) like brand new.""","","",""
"https://www.google.com/maps/place/Caliber+Collision/data=!4m7!3m6!1s0x880e2cddb871cee7:0x6a1fd2eec4e6729!8m2!3d41.8773325!4d-87.6521027!16s%2Fg%2F1vzg2tyk!19sChIJ585xuN0sDogRKWdO7C79oQY?authuser=0&hl=en&rclk=1","Caliber Collision","4.6","(616)","Auto body shop","Â·","Â·","318 S Morgan St","Open","Â· Closes 5:30â€¯PM","(312) 738-1975","https://www.caliber.com/find-a-location/chicago-west-loop?utm_source=google&utm_medium=gbp-profile&utm_campaign=webform-GBPwebsite&utm_content=&utm_term=&utm_id=0966","î ‹","Website","î”®","Directions","î¤´","Â·","https://ssl.gstatic.com/local/servicebusiness/default_user.png","""My car looks brand new.They did a great job in a timely manner.""","https://www.caliber.com/find-a-location/chicago-west-loop?utm_source=google&utm_medium=gbp-profile&utm_campaign=webform-googlebusinesspage&hl=en-US&gei=B8ZvaYXyDNvfp84Pibu-mQ8&rwg_token=AFd1xnF0WYUvJe8S669ypFAtIeLS0wiOb3J6bnlZpicdWmCLJEOOJKAzbDvlCd8CHt3BdGB4VzQkhD3Dhlz6yTMrz97w5gMaRA%3D%3D","Book online","î¡¸"
"https://www.google.com/maps/place/Crash+Champions+Collision+Repair+Montrose/data=!4m7!3m6!1s0x880fcc13b1f24013:0x9ea81302d61a4e5c!8m2!3d41.9607535!4d-87.7636599!16s%2Fg%2F1tcysf6t!19sChIJE0DysRPMD4gRXE4a1gITqJ4?authuser=0&hl=en&rclk=1","Crash Champions Collision Repair Montrose","4.5","(366)","Auto body shop","Â·","Â·","5430 W Montrose Ave","Open","Â· Closes 5â€¯PM","(773) 725-7704","https://crashchampions.com/locations/crash-champions-montrose","î ‹","Website","î”®","Directions","î¤´","Â·","https://ssl.gstatic.com/local/servicebusiness/default_user.png","""Fast service, car looks as good as new.""","https://www.carwise.com/auto-body-shops/book-appointment/crash-champions-0565-montrose-chicago-il-60641/603845?hl=en-US&gei=B8ZvaYXyDNvfp84Pibu-mQ8&rwg_token=AFd1xnFOI1PYAvfMoHQyVdWtyo5CcDO2ftChYZdZ3JVKAA_N5L_tligfDRhm6gwgdLZAEL0FyldXpL0kAU2Rxmg2DKHZlO69PQ%3D%3D","Book online","î¡¸"
"https://www.google.com/maps/place/A-CARR%27s+Auto+Body/data=!4m7!3m6!1s0x880fd20d97a08a59:0x88fc393105b41323!8m2!3d41.959146!4d-87.6889752!16s%2Fg%2F1tx_6z94!19sChIJWYqglw3SD4gRIxO0BTE5_Ig?authuser=0&hl=en&rclk=1","A-CARR's Auto Body","4.8","(424)","Auto body shop","Â·","Â·","4246 N Western Ave","Open","Â· Closes 5â€¯PM","(773) 478-4844","http://acarrsautobody.com/","î ‹","Website","î”®","Directions","î¤´","Destination for collision repair","https://ssl.gstatic.com/local/servicebusiness/default_user.png","""They got me in and out and my car looks brand new.""","","",""
"https://www.google.com/maps/place/Windy+City+Auto+Collision/data=!4m7!3m6!1s0x880fcd064dcc72df:0x6e151cd93f537971!8m2!3d41.9709563!4d-87.7452013!16s%2Fg%2F11hf1y3cys!19sChIJ33LMTQbND4gRcXlTP9kcFW4?authuser=0&hl=en&rclk=1","Windy City Auto Collision","5.0","(30)","Auto body shop","Â·","Â·","4970 N Elston Ave","Open","Â· Closes 4â€¯PM","(773) 715-5930","","î”®","Directions","","","î¤´","Â·","https://ssl.gstatic.com/local/servicebusiness/default_user.png","""They use quality paint and expert","","",""
"https://www.google.com/maps/place/Metro+Collision+Experts/data=!4m7!3m6!1s0x880e301dc63e4975:0x3f8c653a2e663e89!8m2!3d41.7516222!4d-87.6994347!16s%2Fg%2F1td6stq1!19sChIJdUk-xh0wDogRiT5mLjpljD8?authuser=0&hl=en&rclk=1","Metro Collision Experts","4.5","(152)","Auto body shop","Â·","Â·","3057 W Columbus Ave","Open","Â· Closes 5:30â€¯PM","(773) 436-5600","","î”®","Directions","","","î¤´","Â·","https://ssl.gstatic.com/local/servicebusiness/default_user.png","""I got my car back running great and looking like new.""","","",""
"https://www.google.com/maps/place/Riverdale+Collision+Center+LLC./data=!4m7!3m6!1s0x880e2f9ffeddac4d:0x68804d7739ef1364!8m2!3d41.750222!4d-87.6341284!16s%2Fg%2F11f9j78x2s!19sChIJTazd_p8vDogRZBPvOXdNgGg?authuser=0&hl=en&rclk=1","Riverdale Collision Center LLC.","4.7","(88)","Auto body shop","Â·","Â·","7917 S Vincennes Ave","Open","Â· Closes 5â€¯PM","(773) 952-4715","","î”®","Directions","","","î¤´","Â·","https://ssl.gstatic.com/local/servicebusiness/default_user.png","""Our vehicles looked like they never were damaged.""","","",""
"https://www.google.com/maps/place/JC+Auto+Repair+%26+Body/data=!4m7!3m6!1s0x880fd29800cc40c5:0xa49437c605496ea5!8m2!3d41.916399!4d-87.68799!16s%2Fg%2F1tr7dd7n!19sChIJxUDMAJjSD4gRpW5JBcY3lKQ?authuser=0&hl=en&rclk=1","JC Auto Repair & Body","5.0","(26)","Auto body shop","Â·","Â·","2415 W Homer St","Open","Â· Closes 5â€¯PM","(773) 671-0715","https://jcautorepair2415.wixsite.com/jc-auto-repair","î ‹","Website","î”®","Directions","î¤´","Â·","https://ssl.gstatic.com/local/servicebusiness/default_user.png","""Handed my keys over to jc and the car was done in no time!""","","",""
"https://www.google.com/maps/place/Unibody+Auto+Collision/data=!4m7!3m6!1s0x880fd2bd7cf26dcb:0xa2e4b42263ebb28d!8m2!3d41.9243659!4d-87.709918!16s%2Fg%2F1tdww8xg!19sChIJy23yfL3SD4gRjbLrYyK05KI?authuser=0&hl=en&rclk=1","Unibody Auto Collision","4.2","(19)","Auto repair shop","Â·","Â·","3263 W Fullerton Ave","Open","Â· Closes 6â€¯PM","(773) 235-1334","http://www.unibody.com/","î ‹","Website","î”®","Directions","î¤´","Â·","https://ssl.gstatic.com/local/servicebusiness/default_user.png","""They have affordable prices.""","","",""
"https://www.google.com/maps/place/Euro+Collision+Of+Andersonville/data=!4m7!3m6!1s0x880fd1821c29157b:0x996713e125fcf447!8m2!3d41.9800999!4d-87.6590775!16s%2Fg%2F11c1p85t_5!19sChIJexUpHILRD4gRR_T8JeETZ5k?authuser=0&hl=en&rclk=1","Euro Collision Of Andersonville","4.7","(565)","Auto body shop","Â·","1122 W Balmoral Ave","","Open","Â· Closes 5â€¯PM","(773) 907-9999","http://www.ecchicago.com/","î ‹","Website","î”®","Directions","","Â·","https://ssl.gstatic.com/local/servicebusiness/default_user.png","""They did a fantastic job repairing the","https://www.carwise.com/auto-body-shops/book-appointment/euro-collision-andersonville-chicago-il-60640/516420?hl=en-US&gei=B8ZvaYXyDNvfp84Pibu-mQ8&rwg_token=AFd1xnFAwvEf06vO_ftoZszh6VXtUc2bXPRJukuvLkK1MzQs2RFps66zehj2JQz4F2mqvkoNb5d6raJFgozpGfcLGOU0c9KYCA%3D%3D","Book online","î¡¸"
"https://www.google.com/maps/place/Miller+Body+Shop/data=!4m7!3m6!1s0x87c0f1631f84029b:0xe761cfc02bbe3d6b!8m2!3d39.1152595!4d-94.6424608!16s%2Fg%2F1vzg2ryl!19sChIJmwKEH2PxwIcRaz2-K8DPYec?authuser=0&hl=en&rclk=1","Miller Body Shop","4.6","(16)","Auto body shop","Â·","Â·","1229 Minnesota Ave","Open","Â· Closes 4:30â€¯PM","(913) 342-4080","","î”®","Directions","","","î¤´","Â·","https://ssl.gstatic.com/local/servicebusiness/default_user.png","""The very BEST......PERFECTIONEST....ðŸ˜ðŸ˜""","","",""
"https://www.google.com/maps/place/Maaco+Auto+Body+Shop+%26+Painting/data=!4m7!3m6!1s0x880e3319780eeac1:0xf75865cb7dcf70a3!8m2!3d41.8734808!4d-87.7435692!16s%2Fg%2F1tj5r9x8!19sChIJweoOeBkzDogRo3DPfctlWPc?authuser=0&hl=en&rclk=1","Maaco Auto Body Shop & Painting","4.2","(190)","Auto body shop","Â·","4722 W Harrison St","","Open","Â· Closes 5â€¯PM","(773) 295-4875","https://www.maaco.com/locations/il/chicago-12395/?utm_source=google&utm_medium=organic&utm_campaign=gbp_website","î ‹","Website","î”®","Directions","","Â·","https://ssl.gstatic.com/local/servicebusiness/default_user.png","""Had chipping under my rear window and now it looks brand new!""","","",""
"https://www.google.com/maps/place/CarFix+Auto+Center+and+Body+Shop/data=!4m7!3m6!1s0x880fcddfee7ad3d7:0xfd1d3cb9e80b70d2!8m2!3d41.9754156!4d-87.7180943!16s%2Fg%2F1trxkwkg!19sChIJ19N67t_ND4gR0nAL6Lk8Hf0?authuser=0&hl=en&rclk=1","CarFix Auto Center and Body Shop","5.0","(54)","Auto body shop","Â·","Â·","3555 W Foster Ave","Open","Â· Closes 6â€¯PM","(773) 279-9914","https://www.carfixchicago.com/","î ‹","Website","î”®","Directions","î¤´","Â·","https://ssl.gstatic.com/local/servicebusiness/default_user.png","""They left both cars brand new after service â€” cleaned inside and out!""","","",""
"https://www.google.com/maps/place/Euro+Collision+of+Rogers+Park/data=!4m7!3m6!1s0x880fd1b74726cfcf:0xda1e8513c471359b!8m2!3d42.0062712!4d-87.6734597!16s%2Fg%2F1tdr8srh!19sChIJz88mR7fRD4gRmzVxxBOFHto?authuser=0&hl=en&rclk=1","Euro Collision of Rogers Park","4.6","(379)","Auto body shop","Â·","Â·","6828 N Clark St","Open","Â· Closes 5â€¯PM","(773) 274-9900","http://www.ecchicago.com/","î ‹","Website","î”®","Directions","î¤´","Â·","https://ssl.gstatic.com/local/servicebusiness/default_user.png","""Staff was very polite, the fixed my car and left it like new""","https://www.carwise.com/auto-body-shops/book-appointment/euro-collision-rogers-park-chicago-il-60626/567974?hl=en-US&gei=B8ZvaYXyDNvfp84Pibu-mQ8&rwg_token=AFd1xnEjLgwDuV8PE_-WgaPilFit-e6SSAVj60mHXcgZxW8ujb-sev1UVaj2uUl35EIj9qthw2oZuVPJQDsd6NiFCD5_22PU2A%3D%3D","Book online","î¡¸"
"https://www.google.com/maps/place/Extreme+Body+Shop/data=!4m7!3m6!1s0x880fcdaf2bb8c165:0x971ecfc9635bcae0!8m2!3d41.9419696!4d-87.7295865!16s%2Fg%2F1tm2b862!19sChIJZcG4K6_ND4gR4MpbY8nPHpc?authuser=0&hl=en&rclk=1","Extreme Body Shop","4.3","(49)","Muffler shop","Â·","3333 N Karlov Ave","","Open","Â· Closes 6â€¯PM","(773) 283-3833","http://newextreme8.wixsite.com/auto","î ‹","Website","î”®","Directions","","Â·","https://ssl.gstatic.com/local/servicebusiness/default_user.png","""Very Good prices, for outstanding work.""","","",""
"https://www.google.com/maps/place/D+%26+A+Auto+Body+Repair/data=!4m7!3m6!1s0x880e2e0e5b212a5b:0xd8678708c3815636!8m2!3d41.8089459!4d-87.6848707!16s%2Fg%2F1w4f8plk!19sChIJWyohWw4uDogRNlaBwwiHZ9g?authuser=0&hl=en&rclk=1","D & A Auto Body Repair","4.5","(67)","Auto body shop","Â·","4646 S Western Ave","Â·","Open","Â· Closes 5â€¯PM","(773) 927-7764","","î”®","Directions","","","","","https://ssl.gstatic.com/local/servicebusiness/default_user.png","""My vehicle was ready in 3 days, it looks brand new.""","","",""
"https://www.google.com/maps/place/Mac+Auto+Body+%26+Paint+Center/data=!4m7!3m6!1s0x880e2fc7a1c52e05:0xea1de023d8e313f0!8m2!3d41.7649717!4d-87.6790676!16s%2Fg%2F1tf4fmdk!19sChIJBS7FoccvDogR8BPj2CPgHeo?authuser=0&hl=en&rclk=1","Mac Auto Body & Paint Center","4.3","(33)","Auto repair shop","Â·","Â·","2210 W 71st St","Open","Â· Closes 4â€¯PM","(773) 925-2702","http://www.macautobodyinc.com/","î ‹","Website","î”®","Directions","î¤´","Â·","https://ssl.gstatic.com/local/servicebusiness/default_user.png","""Quality work good prices""","","",""
"https://www.google.com/maps/place/Bennett+Auto+Rebuilders/data=!4m7!3m6!1s0x880e2fecf89ff0e1:0xe3b9666e01189d82!8m2!3d41.750249!4d-87.6805341!16s%2Fg%2F1tp_6zz3!19sChIJ4fCf-OwvDogRgp0YAW5mueM?authuser=0&hl=en&rclk=1","Bennett Auto Rebuilders","4.7","(77)","Auto body shop","Â·","Â·","2300 W 79th St","Open","Â· Closes 4:30â€¯PM","(773) 434-0181","http://bennettautorebuilders.com/","î ‹","Website","î”®","Directions","î¤´","Â·","https://ssl.gstatic.com/local/servicebusiness/default_user.png","""Fair prices, quality work, timely service, and helpful staff.""","","",""
"https://www.google.com/maps/place/Logan+Auto+Collision/data=!4m7!3m6!1s0x880e2f290a81074f:0x86ab2cb9194d00f4!8m2!3d41.7735131!4d-87.6247679!16s%2Fg%2F1tdzm468!19sChIJTweBCikvDogR9ABNGbksq4Y?authuser=0&hl=en&rclk=1","Logan Auto Collision","3.7","(101)","Auto body shop","Â·","Â·","6651 S State St","Open","Â· Closes 5â€¯PM","(773) 994-1325","https://loganautocollision.com/","î ‹","Website","î”®","Directions","î¤´","Â·","https://ssl.gstatic.com/local/servicebusiness/default_user.png","""I got my car back on the exact day they said it would be ready!!""","","",""
"https://www.google.com/maps/place/Bridgeport+Auto+Body+Shop/data=!4m7!3m6!1s0x880e2c3a070227cb:0xf9591e2365d00f5e!8m2!3d41.8306128!4d-87.6481605!16s%2Fg%2F1th24d2v!19sChIJyycCBzosDogRXg_QZSMeWfk?authuser=0&hl=en&rclk=1","Bridgeport Auto Body Shop","4.0","(25)","Auto body shop","Â·","Â·","907 W 35th St","Open","Â· Closes 6â€¯PM","(773) 869-0884","","î”®","Directions","","","î¤´","Â·","https://ssl.gstatic.com/local/servicebusiness/default_user.png","""Fair prices and good work.""","","",""
"https://www.google.com/maps/place/CARSTAR+UCar+Auto+Rebuilders/data=!4m7!3m6!1s0x880e31762ec5f103:0x858707fbe2db976f!8m2!3d41.8052665!4d-87.7048935!16s%2Fg%2F11sz5kq2c3!19sChIJA_HFLnYxDogRb5fb4vsHh4U?authuser=0&hl=en&rclk=1","CARSTAR UCar Auto Rebuilders","4.7","(96)","Auto body shop","Â·","4832 S Kedzie Ave","Destination for collision repair","Open","Â· Closes 5:30â€¯PM","(312) 204-7339","https://www.carstar.com/locations/il/chicago-15645/","î ‹","Website","î”®","Directions","","Â·","https://ssl.gstatic.com/local/servicebusiness/default_user.png","""My car looks brand new after the repair in this","https://www.carwise.com/auto-body-shops/book-appointment/carstar-ucar-auto-rebuilders-chicago-il-60632/601066?hl=en-US&gei=D8ZvaYf5K5vewN4P0Jq1iQk&rwg_token=AFd1xnFhUfOtV-_QHXpH1i4Dj4PJmJeEnM31EDQSE0hUa7euIZaODDvE8sqD6IXv7m1dmEKy3DxZmKn66nOkLOHbBTiwIxiQ3g%3D%3D","Book online","î¡¸"
"https://www.google.com/maps/place/B+%26+M+Auto+Collision+Center/data=!4m7!3m6!1s0x880fcc5297f9ffc3:0xc4b8a6cdc273322f!8m2!3d41.9464152!4d-87.7387239!16s%2Fg%2F1tdywzcf!19sChIJw__5l1LMD4gRLzJzws2muMQ?authuser=0&hl=en&rclk=1","B & M Auto Collision Center","4.1","(211)","Auto body shop","Â·","4440 W Addison St","","Open","Â· Closes 5â€¯PM","(773) 685-3200","http://www.bmautocollision.com/","î ‹","Website","î”®","Directions","","Â·","https://ssl.gstatic.com/local/servicebusiness/default_user.png","""They fixed up our Honda CRV after a minor fender bender.""","https://www.carwise.com/auto-body-shops/book-appointment/bm-chicago-il-60641/520300?hl=en-US&gei=D8ZvaYf5K5vewN4P0Jq1iQk&rwg_token=AFd1xnGNCN1Qj6zhIZ0zVgqk673RWF6rCIO4PL673eiW2ZEr4-6D-3vJKHR_nM3l44Qee64_mnPIU8yPPcmay4iwW2ReHtjf0Q%3D%3D","Book online","î¡¸"
"https://www.google.com/maps/place/Supreme+Auto+Ltd./data=!4m7!3m6!1s0x880fcb07d23267f9:0xa9b061bc73dc7c27!8m2!3d41.9362091!4d-87.8063421!16s%2Fg%2F1tdp11kz!19sChIJ-Wcy0gfLD4gRJ3zcc7xhsKk?authuser=0&hl=en&rclk=1","Supreme Auto Ltd.","4.8","(101)","Auto body shop","Â·","Â·","3067 N Harlem Ave","Open","Â· Closes 5â€¯PM","(773) 745-4660","http://www.supremeautoltd.com/","î ‹","Website","î”®","Directions","î¤´","Â·","https://ssl.gstatic.com/local/servicebusiness/default_user.png","""Eppecable  customer service, excellent","","",""
"https://www.google.com/maps/place/Lil+Logans+Collision/data=!4m7!3m6!1s0x880e2441a64b6677:0x716821c719ff3674!8m2!3d41.6792141!4d-87.6417744!16s%2Fg%2F1ts1stkm!19sChIJd2ZLpkEkDogRdDb_GcchaHE?authuser=0&hl=en&rclk=1","Lil Logans Collision","4.6","(52)","Auto body shop","Â·","Â·","11815 S Halsted St","Open","Â· Closes 7â€¯PM","(773) 785-7425","","î”®","Directions","","","î¤´","Â·","https://ssl.gstatic.com/local/servicebusiness/default_user.png","""They have handled all of my","","",""
"https://www.google.com/maps/place/Chicago+Auto+Recon+Body+Shop/data=!4m7!3m6!1s0x880e2dab755711bf:0x929e7f795d582619!8m2!3d41.852696!4d-87.660824!16s%2Fg%2F1tczfh2b!19sChIJvxFXdastDogRGSZYXXl_npI?authuser=0&hl=en&rclk=1","Chicago Auto Recon Body Shop","4.1","(122)","Auto body shop","Â·","Â·","1358 W Cermak Rd","Open","Â· Closes 8â€¯PM","(888) 986-7326","http://www.chicagoautorecon.com/","î ‹","Website","î”®","Directions","î¤´","Â·","https://ssl.gstatic.com/local/servicebusiness/default_user.png","""They fixed a paint chip, did a ceramic coating, and added ceramic tint.""","","",""
"https://www.google.com/maps/place/Cosmetic+Auto+Trim+%26+Glass+Incorporated/data=!4m7!3m6!1s0x880fc96c10f75e57:0x374bcc74f0e81b2e!8m2!3d41.9935904!4d-87.8017226!16s%2Fg%2F1tfzhc60!19sChIJV173EGzJD4gRLhvo8HTMSzc?authuser=0&hl=en&rclk=1","Cosmetic Auto Trim & Glass Incorporated","4.4","(118)","Auto repair shop","Â·","Â·","6166 N Northwest Hwy","Open","Â· Closes 5â€¯PM","(773) 763-7400","http://www.cosmeticautotrimandglass.com/","î ‹","Website","î”®","Directions","î¤´","Â·","https://ssl.gstatic.com/local/servicebusiness/default_user.png","""They were able to work with original parts and matched the paint perfectly.""","https://www.carwise.com/auto-body-shops/book-appointment/cosmetic-auto-chicago-il-60631/462166?hl=en-US&gei=D8ZvaYf5K5vewN4P0Jq1iQk&rwg_token=AFd1xnFsVHQV10r7Lt18f7CC-hgPI6cfMkBqJTUdAdQPbr1obJFfXAvsnSQuuGbekZVw8zqgWFOrW5sMcQApGNdzydkWRMdxGg%3D%3D","Book online","î¡¸"
"https://www.google.com/maps/place/Adams+Auto+Body+Shop/data=!4m7!3m6!1s0x880fed45633d5505:0x26b47dae04cdacf1!8m2!3d42.3404615!4d-87.8343646!16s%2Fg%2F11gzpqh4tl!19sChIJBVU9Y0XtD4gR8azNBK59tCY?authuser=0&hl=en&rclk=1","Adams Auto Body Shop","4.9","(553)","Auto body shop","Â·","Â·","1026 Sheridan Rd","Open","Â· Closes 5:30â€¯PM","(847) 636-6684","http://www.adamsautobodyshop.com/","î ‹","Website","î”®","Directions","î¤´","Â·","https://ssl.gstatic.com/local/servicebusiness/default_user.png","""My VW was washed and detailed, and looked brand new when I got it back.""","","",""
"https://www.google.com/maps/place/Prestige+Auto+Collision/data=!4m7!3m6!1s0x87c0f1d3019e28cd:0xfcbf882b51f44c5b!8m2!3d39.0710899!4d-94.6060573!16s%2Fg%2F1pp2t_tq2!19sChIJzSieAdPxwIcRW0z0USuIv_w?authuser=0&hl=en&rclk=1","Prestige Auto Collision","4.9","(237)","Auto body shop","Â·","Â·","3122 Roanoke Rd","Open","Â· Closes 5â€¯PM","(816) 753-7931","http://www.prestigeautokc.com/","î ‹","Website","î”®","Directions","î¤´","Â·","https://ssl.gstatic.com/local/servicebusiness/default_user.png","""They cleaned the car like it is brand new - inside and out.""","","",""
"https://www.google.com/maps/place/K+C+Auto+%26+Body+Shop/data=!4m7!3m6!1s0x87c0f3c44963b103:0x6bebce84e5ef7cc1!8m2!3d39.1164654!4d-94.6590363!16s%2Fg%2F1v4ptjb_!19sChIJA7FjScTzwIcRwXzv5YTO62s?authuser=0&hl=en&rclk=1","K C Auto & Body Shop","3.2","(10)","Auto body shop","Â·","2727 State Ave","","","","(913) 342-8168","","î”®","Directions","","","","","https://ssl.gstatic.com/local/servicebusiness/default_user.png","""This is my second time getting my vehicles worked on by them.""","","",""
"https://www.google.com/maps/place/Metro+Auto+Tech+United/data=!4m7!3m6!1s0x880e2e16b142520b:0xcb353f2e145ddc2d!8m2!3d41.801422!4d-87.6833358!16s%2Fg%2F1th1vn0g!19sChIJC1JCsRYuDogRLdxdFC4_Ncs?authuser=0&hl=en&rclk=1","Metro Auto Tech United","4.7","(77)","Auto body shop","Â·","5045 S Western Blvd","Â·","Open","Â· Closes 6â€¯PM","(773) 918-8888","","î”®","Directions","","","","","https://ssl.gstatic.com/local/servicebusiness/default_user.png","""Minh and the team gave me a great price and made my car look like new.""","","",""
"https://www.google.com/maps/place/Capital+Auto+Body+Repair/data=!4m7!3m6!1s0x880fd28647af28e7:0x78f3cf329a3cc581!8m2!3d41.9328431!4d-87.6892771!16s%2Fg%2F1tdqp7k9!19sChIJ5yivR4bSD4gRgcU8mjLP83g?authuser=0&hl=en&rclk=1","Capital Auto Body Repair","3.7","(32)","Auto body shop","Â·","2838 N Elston Ave","Â·","Open","Â· Closes 5â€¯PM","(773) 342-3100","","î”®","Directions","","","","","https://ssl.gstatic.com/local/servicebusiness/default_user.png","""My car was repair and painted above my expectations.""","","",""
"https://www.google.com/maps/place/A-Ok+Auto+Body+Inc/data=!4m7!3m6!1s0x880e315d7f8fa8f1:0x75b617b3d073a0af!8m2!3d41.79597!4d-87.7584199!16s%2Fg%2F11q8011bbt!19sChIJ8aiPf10xDogRr6Bz0LMXtnU?authuser=0&hl=en&rclk=1","A-Ok Auto Body Inc","4.0","(51)","Auto body shop","Â·","Â·","5805 S Archer Ave","Open","Â· Closes 5â€¯PM","(773) 581-7979","https://a-okautobody.net/","î ‹","Website","î”®","Directions","î¤´","Â·","https://ssl.gstatic.com/local/servicebusiness/default_user.png","""Parts came fast great service and car was done within the span of a day.""","https://www.carwise.com/auto-body-shops/book-appointment/a-ok-auto-body-inc-chicago-il-60638/582440?hl=en-US&gei=D8ZvaYf5K5vewN4P0Jq1iQk&rwg_token=AFd1xnHBFwJRTtiYOcc8CsF6TISAO1MhS60IAfgIYsJtEWm4c_TIhLGjx-lNx9X4oPe0qzxFYCy-vja390zxg47GCbx1KHkqhw%3D%3D","Book online","î¡¸"
"https://www.google.com/maps/place/East+Side+Body+Shop/data=!4m7!3m6!1s0x8811d875454036ef:0xca426832cff552e2!8m2!3d41.7136866!4d-87.538395!16s%2Fg%2F1tggp76z!19sChIJ7zZARXXYEYgR4lL1zzJoQso?authuser=0&hl=en&rclk=1","East Side Body Shop","4.0","(6)","Auto body shop","Â·","10005 S Ave N","Â·","Open","Â· Closes 3â€¯PM","(773) 768-4996","","î”®","Directions","","","","","https://ssl.gstatic.com/local/servicebusiness/default_user.png","""Thank you for the recommendation to another","","",""
"https://www.google.com/maps/place/A%26S+Auto+Body+LLC/data=!4m7!3m6!1s0x880fcba7c7c55baf:0xfd1b884649a1879d!8m2!3d41.8865921!4d-87.7494927!16s%2Fg%2F11fs9xvnyt!19sChIJr1vFx6fLD4gRnYehSUaIG_0?authuser=0&hl=en&rclk=1","A&S Auto Body LLC","4.7","(38)","Auto body shop","Â·","4939 W Lake St","","Open","Â· Closes 6â€¯PM","(773) 719-5568","https://aandsautobody.com/","î ‹","Website","î”®","Directions","","Â·","https://ssl.gstatic.com/local/servicebusiness/default_user.png","""They used high-quality materials and their craftsmanship was exceptional.""","","",""
"https://www.google.com/maps/place/K+%26+K+Auto+Body+Rebuilders+Inc/data=!4m7!3m6!1s0x880e30d7488bd0dd:0x912facb481b51593!8m2!3d41.7744819!4d-87.7676223!16s%2Fg%2F1tctg5wh!19sChIJ3dCLSNcwDogRkxW1gbSsL5E?authuser=0&hl=en&rclk=1","K & K Auto Body Rebuilders Inc","4.8","(17)","Auto body shop","Â·","5826 W 65th St","Â·","Open","Â· Closes 5â€¯PM","(773) 735-0118","","î”®","Directions","","","","","https://ssl.gstatic.com/local/servicebusiness/default_user.png","""great quality work""","","",""
"https://www.google.com/maps/place/National+Bodyshops/data=!4m7!3m6!1s0x880e2e3977ff1d77:0x478162a39222a5f6!8m2!3d41.7900643!4d-87.6822187!16s%2Fg%2F1vfp46n5!19sChIJdx3_dzkuDogR9qUikqNigUc?authuser=0&hl=en&rclk=1","National Bodyshops","5.0","(10)","Auto repair shop","Â·","Â·","5701 S Claremont Ave","Open","Â· Closes 6â€¯PM","(773) 306-2046","","î”®","Directions","","","î¤´","Â·","https://ssl.gstatic.com/local/servicebusiness/default_user.png","""One of the best businesses in Chicago and the owners staff is awesome!!!""","","",""
"https://www.google.com/maps/place/Arrow+Body+%26+Fender+Service/data=!4m7!3m6!1s0x880fcb1d88aaad77:0xb1d3c893940316bf!8m2!3d41.9255955!4d-87.8153649!16s%2Fg%2F1v_z9hqp!19sChIJd62qiB3LD4gRvxYDlJPI07E?authuser=0&hl=en&rclk=1","Arrow Body & Fender Service","4.8","(151)","Auto body shop","Â·","7536 W Grand Ave","","Open","Â· Closes 5:30â€¯PM","(708) 456-9424","http://www.arrowbodyandfender.com/","î ‹","Website","î”®","Directions","","Â·","https://ssl.gstatic.com/local/servicebusiness/default_user.png","""They finished early and my vehicle looked brand new when I picked it up!""","https://www.carwise.com/auto-body-shops/book-appointment/arrow-body-services-llc-elmwood-park-il-60707/553283?hl=en-US&gei=D8ZvaYf5K5vewN4P0Jq1iQk&rwg_token=AFd1xnEXSuVe9WedI6XRVrk_O_iNaFReUGC2pwAdvuLpO5qXV0AV_YQsmalyjachK_GA9SOyVE3i_MKDU9qZ9GMOd2LrVsDQPA%3D%3D","Book online","î¡¸"
"https://www.google.com/maps/place/Carrectly+Auto+Care/data=!4m7!3m6!1s0x880fd2ac744df609:0x2ff52a1da777dcc1!8m2!3d41.8885198!4d-87.6354482!16s%2Fg%2F11c4lkdh5g!19sChIJCfZNdKzSD4gRwdx3px0q9S8?authuser=0&hl=en&rclk=1","Carrectly Auto Care","4.7","(227)","Auto body shop","Â·","Â·","222 W Merchandise Mart Plaza","Open","Â· Closes 6â€¯PM","(773) 800-9085","http://www.carrectly.com/","î ‹","Website","î”®","Directions","î¤´","Â·","https://ssl.gstatic.com/local/servicebusiness/default_user.png","""They went above and beyond, and I was elated to see my car look brand new.""","","",""
"","","","","","","","","","","","","","","","","","","","","","",""