name,phone,address,rating,review_count,business_type,hours
And Services,8132952013,5010 North Cortez Avenue,4.6,10285.0,HVAC contractor,Open 24 hours
Momentum AC & Electric,8137765320,3113 N Armenia Ave,4.9,1242.0,HVAC contractor,Open 24 hours
Air Masters of Tampa Bay,8775030588,4830 N Florida Ave,4.7,1547.0,HVAC contractor,Open 24 hours
ACS Home Services- Tampa Air Conditioning Repair,8137031042,1712 E Seward St,4.7,2748.0,HVAC contractor,Open 24 hours
The Comfort Authority,8134614819,9608 N Nebraska Ave,4.9,1732.0,Air conditioning contractor,Open 24 hours
REM Air Conditioning of Tampa,8132485877,3212 N 40th St #602,4.8,504.0,HVAC contractor,Open 24 hours
3H AC,8139794208,930 E 124th Ave,4.9,639.0,HVAC contractor,Open
And Services,8134454818,5010 N Cortez Ave,4.6,10288.0,HVAC contractor,Open 24 hours
Hometown Heating and Air,8137736500,3104 N Armenia Ave,4.7,372.0,HVAC contractor,Open
One Hour Air Conditioning & Heating,8132910655,5808 N 56th St,4.6,4175.0,HVAC contractor,Open 24 hours
Action Air Conditioning - AC Repair Tampa,8139356644,8926 N Armenia Ave,4.6,615.0,HVAC contractor,Open 24 hours
Air 24/7,8134918516,3826 S 78th St,4.9,568.0,HVAC contractor,Open 24 hours
Caldeco Air Conditioning & Heating,8132542211,1709 N Howard Ave,4.8,1098.0,HVAC contractor,Open
Comfort Pro LLC,8133485000,1100 N 50th St Unit 4C,4.6,1674.0,HVAC contractor,Open
Super Heat And Air,8133021618,6101 Johns Rd #1,4.7,3867.0,HVAC contractor,Open 24 hours
"INDEPENDENT AIR CONDITIONING, INC.",8134212247,3424 E 7th Ave,4.9,336.0,HVAC contractor,Open
Northside Services,8139758815,10701 N Nebraska Ave,4.9,229.0,HVAC contractor,Open
"Kenny's Air Conditioning & Heating Services, Inc.",8138753669,4418 N Cortez Ave,4.8,283.0,HVAC contractor,Open 24 hours
Tampa AC Services Inc,8137977331,3612 Palm Crossing Dr,5.0,62.0,HVAC contractor,Open 24 hours
"Del-Air Heating, Air Conditioning and Plumbing",8135150098,12302 N Nebraska Ave,4.9,1481.0,HVAC contractor,Open
3H AC,8136867120,930 East 124th Avenue,4.9,639.0,Air conditioning repair service,Open
Integrity Home Solutions,8135756500,5904 Hampton Oaks Pkwy,4.7,8666.0,HVAC contractor,Open 24 hours
Rolando's H.V.A.C.,8133736804,5117 W Rio Vista Ave,4.9,1541.0,HVAC contractor,Open 24 hours
"Acree Plumbing, Air & Electric",8133241661,3801 Corporex Park Dr Ste 130,4.6,10288.0,HVAC contractor,Open 24 hours
Budget Heating & Air Conditioning Inc.,8138857999,6217 Anderson Rd,4.6,574.0,HVAC contractor,Open
One Way Air,8133080331,9633 Palm River Rd,5.0,822.0,HVAC contractor,Open 24 hours
Tank Air Conditioning & Heating,8139679777,8005 N 40th St,4.7,385.0,HVAC contractor,Open 24 hours
Expedited Heat & Air,8139375272,3611 E 10th Ave B,4.8,115.0,HVAC contractor,Open 24 hours
Ally HVAC,8135440082,6089 Johns Rd #8,4.9,56.0,HVAC contractor,Open
"Del-Air Heating, Air Conditioning and Plumbing",8137347959,7703 Industrial Ln,4.0,525.0,HVAC contractor,Open 24 hours
Locke's Expert & Quality Service - Air Conditioning & Heating,8136442653,1033 W Busch Blvd,4.7,186.0,HVAC contractor,Open 24 hours
"Cool Today - Cooling, Plumbing, Electrical",8136264111,5401 E Sligh Ave,4.7,3292.0,Air conditioning contractor,Open now
"Sunstate Mechanical Contractors, Inc.",8136578200,4220 W Pearl Ave,4.9,161.0,HVAC contractor,Open
Fontana Brothers Heating & Air Conditioning,8132521226,5438 W Crenshaw St,5.0,1056.0,HVAC contractor,Open
Total Air Solutions,8884261770,6625 Anderson Rd,4.9,379.0,HVAC contractor,Open 24 hours
Tampa AC Repair Guys,8136707958,5317 56th Commerce Park Blvd,5.0,201.0,HVAC contractor,Open 24 hours
Air Rescue,8133583431,1429 Massaro Blvd,4.7,1931.0,HVAC contractor,Open 24 hours
Melo Air,8134519438,550 N Reo St suit 300,4.3,116.0,HVAC contractor,Open
CMB Air,8134471443,,4.9,447.0,HVAC contractor,Open 24 hours
"Red Cap Plumbing, Air & Electric",8135963030,7218 E M.L.K. Jr Blvd,4.7,6924.0,HVAC contractor,Open 24 hours
Air Stream Heating & Air Conditioning,8139600510,1208 W Linebaugh Ave,4.2,58.0,HVAC contractor,Open
ARS / Rescue Rooter,8136264552,3340 Scherer Dr Suites A&B,4.5,4020.0,HVAC contractor,Open 24 hours
Bosch Air Conditioning & Contractors Inc.,8134732101,5553 W Waters Ave suite 312,5.0,42.0,Air conditioning contractor,Open 24 hours
Sun Air Services,8136849919,7304 Causeway Blvd,4.6,233.0,HVAC contractor,Open 24 hours
Comfort All-Stars,8132805071,13347 W Hillsborough Ave Suite 101,4.8,494.0,HVAC contractor,Open
Joe Cool Air Conditioning and Plumbing,8133558576,1101 E Cumberland Ave Suite 301G,4.8,639.0,HVAC contractor,Open
Alberto AC,8134941332,4307 W Pearl Ave unit c,4.9,51.0,HVAC contractor,Open
I Know A Guy AC,8137976577,3002 W Kennedy Blvd,5.0,106.0,HVAC contractor,Open
Air Titans,8133558352,5310 56th Commerce Park Blvd,4.9,2490.0,HVAC contractor,Open
Expert Home Service,8136328889,7320 E Fletcher Ave,4.9,896.0,HVAC contractor,Open
Hawkins Service Co.,8133031465,7601 Industrial Ln,4.9,4650.0,HVAC contractor,Open 24 hours
Alvarez Plumbing & Air Conditioning,8132786222,1623 S 51st St,4.8,2405.0,HVAC contractor,Open 24 hours
FL HVAC Team,8136036398,6001 Johns Rd Suite 223,5.0,107.0,HVAC contractor,Open 24 hours
Heaven's Breeze,8139657284,4822 N Hale Ave,4.4,76.0,HVAC contractor,Open
Varsity Zone HVAC of Tampa,8138201581,"5018 N Coolidge Ave Building 2, Suite C",5.0,43.0,HVAC contractor,Open
"Progressive Air Systems, Inc.",8139091444,6375 Harney Rd,4.8,850.0,Air conditioning contractor,Open 24 hours
"Anchor Air Conditioning, Inc.",8132601017,5010 N Coolidge Ave Suite #3,4.5,50.0,HVAC contractor,Open
Volcano Air Conditioning LLC,8137893654,6006 Crestridge Rd,5.0,112.0,HVAC contractor,Open
Jack Rabbit (Tampa),8133445445,1202 Tech Blvd,4.7,390.0,HVAC contractor,Open 24 hours
Nuccio Heating & Air Conditioning Inc,8139617895,6306 W Linebaugh Ave,4.7,681.0,HVAC contractor,Open
Air Conditioning & Heating Tampa,6562234712,4815 FL-580,4.1,41.0,HVAC contractor,Open
Chavez & Sons,8136403400,5214 Bridge St,4.7,111.0,HVAC contractor,Open 24 hours
Pronto Service Pros,8133415400,5133 W Clifton St,4.7,663.0,HVAC contractor,Open 24 hours
Tampa Heating & Air Conditioning,2394560410,1811 N Tampa St,5.0,35.0,HVAC contractor,Open
Hoffman Electrical & A/C,8556441365,1909 N 57th St,4.8,4001.0,HVAC contractor,Open
Stellar Cooling Services,8133604052,506 E Lambright St,5.0,141.0,HVAC contractor,Open
"Air Conditioning Done Right, LLC",8138107345,9313 Candlemaker Ct,5.0,155.0,Air conditioning repair service,Open
"Xpress Quality Services, LLC",8138430200,8325 N Albany Ave,5.0,195.0,HVAC contractor,Open
Egberts Air Conditioning & Heating Repair,7276097496,104 W Seneca Ave ste 1,4.9,170.0,HVAC contractor,Open 24 hours
"ABC Plumbing, Air, Heat & Electric",8885949030,4326 W El Prado Blvd Suite 7,4.7,169.0,HVAC contractor,Open 24 hours
"Home Therapist Cooling, Heating, and Plumbing",8133432212,5005 W Rio Vista Ave,4.8,790.0,HVAC contractor,Open
Frosty's Air Conditioning,8136215900,8830 Causeway Blvd,4.8,298.0,Air conditioning contractor,Open
Bea Cool AC,8137783505,906 N Rome Ave,5.0,181.0,HVAC contractor,Open
"Mosley Heating & Air, LLC",8132303742,,4.9,404.0,HVAC contractor,Open
Sears Heating and Air Conditioning,6562189471,2266 University Square Mall,4.6,392.0,HVAC contractor,Open
Swift AC Repair Tampa,8134419767,5012 E 10th Ave,5.0,32.0,Air conditioning repair service,Open
Fairway Heating & Cooling LLC,8134439439,10004 E Dr Martin Luther King Jr Blvd,4.8,944.0,HVAC contractor,Open
Mini Split Matt,8134988879,1731 E 7th Ave,5.0,56.0,HVAC contractor,Open
Fuse Service Tampa,8632703085,7013 Silvermill Dr,4.7,807.0,HVAC contractor,Open
Oldach Tampa,8135597300,5110 W Knox St,4.8,30.0,HVAC contractor,Open
AAA AC Supplies Inc (Tampa),8133438888,7906 Anderson Rd,5.0,32.0,Air conditioning system supplier,Open
Comfort Technical Solutions,8134090694,5805 Anderson Rd Unit A,4.8,42.0,Air conditioning store,Open
Ahoy Cooling and Heating,8139223556,7604 Industrial Ln #4d,4.9,489.0,HVAC contractor,Open 24 hours
Trane Supply Tampa,8138778253,4720 E Adamo Dr,4.1,59.0,HVAC contractor,Open
Johnstone Supply,8138754545,3650 W Spruce St,4.2,38.0,Heating equipment supplier,Open
Polar Ice Air Heating & Cooling,6562045657,,5.0,227.0,HVAC contractor,Open 24 hours
All American Home Services,8638758123,9270 Bay Plaza Blvd #610,4.8,126.0,HVAC contractor,Open 24 hours
Air At Last Heating & Cooling,8135351638,4402 W Crest Ave Unit E,4.4,50.0,HVAC contractor,Open 24 hours
Superior Air Conditioning & Refrigeration,8139618631,13816 Pathfinder Dr,4.8,182.0,Air conditioning contractor,Open
"Chill Masters A/C, LLC",8132652445,,5.0,125.0,HVAC contractor,Open 24 hours
SSI Services,8002632206,921 US-301,5.0,172.0,HVAC contractor,Open 24 hours
"Affordable Air Solutions, Inc.",8135462753,5432-A W Crenshaw St,4.3,107.0,HVAC contractor,Open
Joe's Heating & Air Conditioning Tampa,8137264484,2384 W Columbus Dr,4.6,9.0,HVAC contractor,Open
Efficient Tampa HVAC Contractor Solutions,6562485259,716 N Renellie Dr,5.0,56.0,Contractor,Open 24 hours
Cool Comfort Heating And Cooling,8136805348,11104 Bloomington Dr,4.9,387.0,Air conditioning contractor,Open
"IERNA's Heating, Cooling, Plumbing, & Electrical",8136695813,16011 N Nebraska Ave STE 101,4.7,2477.0,HVAC contractor,Open
"Comfort Air Heating and Cooling, Inc.",8134131726,5017 W Rio Vista Ave,4.8,69.0,HVAC contractor,Open
Air Now Air Conditioning & Electric,8133742225,221 S 78th St,4.7,290.0,HVAC contractor,Open now
Nolan Air Heating & Cooling,8137331958,5008 W Linebaugh Ave Unit 40,5.0,356.0,HVAC contractor,Open
"Marks Air, Inc.",8139881671,8214 Bowles Rd,4.6,121.0,Car repair and maintenance service,Open
Chavez & Sons Heating & Cooling Services,8137611100,1815 E Fowler Ave,4.8,73.0,HVAC contractor,Open 24 hours
Air Conditioning & Heating,8139239471,2905 E Hillsborough Ave,4.7,23.0,Air conditioning contractor,Open
"Air Support Cooling and Heating, LLC",8132454622,1031 W Busch Blvd,5.0,239.0,HVAC contractor,Open
Tampa HVAC Solutions,2394560450,3922 N Central Ave,4.9,35.0,HVAC contractor,Open
Air Turbulencia INC.,8138151234,4023 W Cayuga St,4.7,27.0,Air conditioning contractor,Open
Tampa Bay Home Solutions,8132315811,3802 Gunn Hwy,5.0,58.0,HVAC contractor,Open 24 hours
Cooling Mechanical Services,8133150656,8314 Drycreek Dr,5.0,40.0,Air conditioning contractor,Open
Clean Air Pros,8133620667,,4.9,189.0,HVAC contractor,Open
AC REPAIR BY AGH TAMPA,6564003402,6408 Larmon St,5.0,38.0,HVAC contractor,Open 24 hours
Red Apple Air Conditioning & Heating,8133978285,4813 Rock Fish Ct,5.0,139.0,Air conditioning repair service,Open
Bay Harbor Services,8137408662,1340 Orient Rd,4.4,23.0,Air conditioning repair service,Open
SIM'S HVAC LLC,7726469422,,5.0,31.0,HVAC contractor,Open 24 hours
Hales AC,7274931949,5910 Benjamin Center Dr STE 107,4.6,75.0,HVAC contractor,Open 24 hours
Veterans AC & Heat Inc.,8135924120,8473 W Linebaugh Ave Suite 110,5.0,51.0,HVAC contractor,Open 24 hours
Winsupply of Tampa Bay,8138890191,5106 W Clifton St,3.3,8.0,Heating equipment supplier,Open
Lombard Air Conditioning LLC,8135938128,4119 Gunn Hwy #14,4.8,50.0,Air conditioning contractor,Open 24 hours
Quality Heating & Air Conditioning Tampa,7276065899,2304 W Gray St,3.8,53.0,HVAC contractor,Open
Tampa HVAC Services,7273905196,7517 W Waters Ave,4.8,19.0,HVAC contractor,Open
Design Temp of Florida,8135485269,Manhattan Dr,4.9,9.0,HVAC contractor,Open
